covariance_structure,n_assets,n_observations,information_ratio,estimator,estimation_error_mean,estimation_error_std,estimation_error_count,decision_error_mean,decision_error_std,decision_error_count,risk_increment_mean,risk_increment_std,risk_increment_count,estimation_error_ste,estimation_error_ci_lower,estimation_error_ci_upper,decision_error_ste,decision_error_ci_lower,decision_error_ci_upper,risk_increment_ste,risk_increment_ci_lower,risk_increment_ci_upper
one_factor,20,18,1.1111111111111112,ledoit_wolf,0.5276888946927472,0.11242235101544595,1000,0.7097613452255818,0.13915378340090853,1000,0.13655931358879572,0.0542466537466851,1000,0.0035551068911975265,0.520720885186,0.5346569041994943,0.004400429005766025,0.7011365043742803,0.7183861860768832,0.0017154298128203161,0.1331970711556679,0.13992155602192355
one_factor,20,18,1.1111111111111112,sample,0.6037742627389769,0.1323395227563912,1000,1.0115939481541034,0.21098782341516922,1000,0.20466120961667042,0.0827084651491263,1000,0.004184943163698807,0.5955717741381272,0.6119767513398267,0.0066720208055334055,0.998516787375258,1.024671108932949,0.002615471316478971,0.19953488583637163,0.2097875333969692
one_factor,20,22,0.9090909090909091,ledoit_wolf,0.48692854433372584,0.11242095978589652,1000,0.695383808604816,0.13769130133252924,1000,0.12448344479230007,0.048810361440454884,1000,0.003555062896656283,0.4799606210562795,0.4938964676111722,0.004354181262033698,0.68684961333123,0.703918003878402,0.0015435191556789456,0.12145814724716934,0.1275087423374308
one_factor,20,22,0.9090909090909091,sample,0.5508264401901276,0.1288159683268456,1000,0.945124213881077,0.19775376880915188,1000,0.1781137118205381,0.07225915283774391,1000,0.0040735185891294145,0.5428423437554339,0.5588105366248213,0.006253523253192834,0.9328673083048191,0.957381119457335,0.002285035047614901,0.1736350431272129,0.18259238051386328
one_factor,20,27,0.7407407407407407,ledoit_wolf,0.4430406508910809,0.09914621161736999,1000,0.6625182889481861,0.14032883150581196,1000,0.10838081682328617,0.045790087799187494,1000,0.0031352785008793575,0.43689550502935737,0.44918579675280446,0.004437587289483618,0.6538206178607983,0.6712159600355739,0.0014480097170451929,0.10554271777787759,0.11121891586869474
one_factor,20,27,0.7407407407407407,sample,0.4887079412073754,0.10040651493341506,1000,0.8675455159412753,0.1872788589094216,1000,0.1509901512026845,0.0645593668762147,1000,0.003175132791093012,0.48248468093683305,0.4949312014779177,0.005922277517510898,0.8559378520069539,0.8791531798755966,0.002041546436272682,0.14698872018759004,0.15499158221777895
one_factor,20,40,0.5,ledoit_wolf,0.3770428372590075,0.08303489607177515,1000,0.6038812776258234,0.12344126974150445,1000,0.0849456770369888,0.035364762612006544,1000,0.002625793968621777,0.3718962810805088,0.3821893934375062,0.0039035556964637846,0.5962303084607544,0.6115322467908925,0.0011183319876510625,0.08275374634119272,0.08713760773278488
one_factor,20,40,0.5,sample,0.3998015604179972,0.07747969322338653,1000,0.7330917138148155,0.15568099565692425,1000,0.10883873127110966,0.045593054532480685,1000,0.002450123029970146,0.3949993192792557,0.4046038015567387,0.004923065346786621,0.7234425057351137,0.7427409218945173,0.0014417789780690235,0.10601284447409437,0.11166461806812494
one_factor,20,80,0.25,ledoit_wolf,0.27478446408780444,0.05896674605229606,1000,0.4778537632702507,0.10908820613071606,1000,0.049536905991789615,0.023069057488773404,1000,0.001864692237339978,0.27112966730261806,0.2784392608729908,0.0034496719723500664,0.4710924062044446,0.4846151203360568,0.0007295076513788819,0.04810707099508701,0.05096674098849222
one_factor,20,80,0.25,sample,0.28253773014836464,0.05593956215374174,1000,0.5293697090543559,0.1230093108427497,1000,0.05690931195265637,0.026538046520938736,1000,0.0017689642771837805,0.2790705601650844,0.28600490013164487,0.003889895956707354,0.5217455129792095,0.5369939051295023,0.0008392067165767375,0.05526446678816596,0.058554157117146774
one_factor,20,200,0.1,ledoit_wolf,0.17496418828403684,0.03505982824119953,1000,0.3301146826509944,0.07828963273561042,1000,0.02234474679109477,0.010367181303672118,1000,0.0011086891161648572,0.17279115761635372,0.17713721895171997,0.002475735566226079,0.3252622409411913,0.3349671243607975,0.00032783905835517634,0.021702182236718624,0.02298731134547092
one_factor,20,200,0.1,sample,0.17670040630726838,0.032898893634786965,1000,0.3442376399288822,0.08196261566481935,1000,0.023711308173642236,0.0109962801045138,1000,0.0010403543638554252,0.17466131175411176,0.178739500860425,0.002591885484858251,0.33915754437856,0.34931773547920436,0.00034773290919458,0.02302975167162086,0.024392864675663612
one_factor,50,45,1.1111111111111112,ledoit_wolf,0.382274378289389,0.07732441471268804,1000,0.8060313978183581,0.1261375901602348,1000,0.11634611127831775,0.03743429981383188,1000,0.0024452126923152854,0.37748176141245104,0.3870669951663269,0.003988820834711853,0.7982133089823229,0.8138494866543933,0.0011837765002532588,0.11402590933782136,0.11866631321881413
one_factor,50,45,1.1111111111111112,sample,0.40547105278640616,0.07076159901339972,1000,0.9622966536487644,0.15234965019361554,1000,0.1461585096688814,0.046161484950911484,1000,0.0022376782375786676,0.401085203440752,0.40985690213206033,0.004817718953417377,0.9528539245000663,0.9717393827974624,0.0014597543262046622,0.14329739118952026,0.14901962814824252
one_factor,50,56,0.8928571428571429,ledoit_wolf,0.35008577305799465,0.07107126820077997,1000,0.7712540317497562,0.12423185129948752,1000,0.10240755484699773,0.03291644217215844,1000,0.0022474708371116184,0.34568073021725587,0.35449081589873344,0.003928556080457294,0.7635540618320599,0.7789540016674524,0.0010409092973324096,0.10036737262422621,0.10444773706976926
one_factor,50,56,0.8928571428571429,sample,0.36527064836584183,0.067208502350596,1000,0.8914808247449695,0.14537784635858197,1000,0.12426341447690853,0.03994546221276548,1000,0.0021253194555666374,0.3611050222329312,0.36943627449875244,0.004597251158231347,0.882470212474836,0.9004914370151029,0.0012631864278052844,0.12178756907841017,0.12673925987540688
one_factor,50,67,0.746268656716418,ledoit_wolf,0.3211669452914277,0.059731440113356245,1000,0.7344580709573693,0.11576089632325058,1000,0.09058102242818963,0.028333777223831336,1000,0.0018888739868015187,0.3174647522772967,0.3248691383055587,0.003660680963640832,0.7272831362686333,0.7416330056461052,0.0008959927074310948,0.08882487672162469,0.09233716813475458
one_factor,50,67,0.746268656716418,sample,0.3334422086452249,0.061932128267050905,1000,0.8288356228353874,0.13259988640702364,1000,0.10696677451348659,0.033275828843218294,1000,0.001958465856655777,0.32960361556617956,0.3372808017242702,0.004193176585257956,0.8206169967282818,0.8370542489424929,0.0010522741017449581,0.10490431727406647,0.1090292317529067
one_factor,50,100,0.5,ledoit_wolf,0.2663074978011983,0.0521713614275752,1000,0.6440921954406587,0.10611483220270915,1000,0.06763341124683468,0.022064718396985893,1000,0.0016498033074299134,0.2630738833186356,0.26954111228376093,0.0033556456328714328,0.6375151300002306,0.6506692608810867,0.0006977476606469474,0.06626582583196666,0.0690009966617027
one_factor,50,100,0.5,sample,0.27190704177654385,0.0479028148906221,1000,0.700241463013879,0.11726727946718063,1000,0.07629803370210105,0.0250575079973716,1000,0.0015148200138779546,0.26893799454934303,0.27487608900374466,0.003708316981277874,0.6929731617305744,0.7075097642971836,0.0007923879775957873,0.0747449532660133,0.07785111413818879
one_factor,50,200,0.25,ledoit_wolf,0.18947922477105208,0.03400663080078287,1000,0.48707349758899426,0.085673070661176,1000,0.03705676015933336,0.012788809340869461,1000,0.0010753840887890958,0.18737147195702547,0.1915869775850787,0.002709220374298639,0.48176342565536895,0.4923835695226196,0.00040441766078784194,0.03626410154418919,0.03784941877447753
one_factor,50,200,0.25,sample,0.19242162398330354,0.032332232522912084,1000,0.508655649624001,0.0897725160016316,1000,0.03958288877139783,0.013648176253324165,1000,0.001022434966105744,0.19041765144973627,0.1944255965168708,0.0028388562184906794,0.5030914914357593,0.5142198078122427,0.0004315932286792758,0.03873696604318645,0.04042881149960921
one_factor,50,500,0.1,ledoit_wolf,0.1212138579780849,0.0211894482536092,1000,0.32093432743915945,0.056618902667763295,1000,0.01569493213715715,0.005408567573214581,1000,0.0006700691884368225,0.11990052236874872,0.12252719358742108,0.0017904469104951574,0.31742505149458894,0.32444360338372996,0.00017103392410287575,0.015359705645915512,0.016030158628398784
one_factor,50,500,0.1,sample,0.12166234320017341,0.020763338419259075,1000,0.32649477048019676,0.05754145781845122,1000,0.01610869750801957,0.005544960347399997,1000,0.000656594412337388,0.12037541815199213,0.1229492682483547,0.0018196206659280942,0.3229283139749777,0.33006122698541585,0.00017534704233102507,0.01576501730505076,0.016452377710988376
one_factor,100,91,1.098901098901099,ledoit_wolf,0.28307073275547967,0.050538906581087686,1000,0.8355725255279105,0.11107827481681193,1000,0.09243421924977933,0.02423587316394504,1000,0.0015981805525071028,0.27993829887256577,0.28620316663839357,0.0035126034698324824,0.8286878227270389,0.8424572283287821,0.0007664056028101774,0.09093206426827138,0.09393637423128728
one_factor,100,91,1.098901098901099,sample,0.29426812489714566,0.050602751733709365,1000,0.9143108377354545,0.12463009575593655,1000,0.10507489925271624,0.027790090826898418,1000,0.0016001995135055587,0.29113173385067476,0.29740451594361655,0.003941149675936441,0.9065861843706191,0.9220354911002899,0.0008787998339595107,0.10335245157815559,0.10679734692727688
one_factor,100,111,0.9009009009009009,ledoit_wolf,0.2600225029542094,0.04722816858919067,1000,0.7944700537401344,0.10505570067081378,1000,0.08232210680505408,0.021782245534638353,1000,0.0014934858246026363,0.25709527073798827,0.2629497351704306,0.0033221529530465064,0.7879586339521631,0.8009814735281056,0.000688815084424893,0.0809720292395813,0.08367218437052687
one_factor,100,111,0.9009009009009009,sample,0.26684365893572703,0.045935067914098744,1000,0.8561246929996041,0.11441403225857197,1000,0.0917133744489645,0.02424031847415669,1000,0.0014525943908307178,0.26399657392969883,0.26969074394175524,0.0036180893822106643,0.8490332378104712,0.863216148188737,0.0007665461758619256,0.09021094394427513,0.09321580495365388
one_factor,100,133,0.7518796992481203,ledoit_wolf,0.2369696710554665,0.043018137760985786,1000,0.7430352084747498,0.09687492353180863,1000,0.07140012772767106,0.018339992377319557,1000,0.0013603529602361113,0.23430337925340375,0.23963596285752928,0.003063454065151585,0.7370308385070526,0.749039578442447,0.00057996148182456,0.07026340322329491,0.0725368522320472
one_factor,100,133,0.7518796992481203,sample,0.24140347115039318,0.040634464808801944,1000,0.7914113035022483,0.1037433890529288,1000,0.07830860905742693,0.020158238187854508,1000,0.0012849746029777256,0.23888492092855684,0.2439220213722295,0.0032806540159223355,0.7849812216310406,0.7978413853734561,0.0006374594628980542,0.07705918851014674,0.0795580296047071
one_factor,100,200,0.5,ledoit_wolf,0.19494189765817566,0.03232079066638794,1000,0.6397144894987525,0.08893845885162556,1000,0.05223519549841846,0.014547427544247739,1000,0.0010220731428329725,0.19293863429822303,0.19694516101812828,0.0028124810155630018,0.6342020267082491,0.645226952289256,0.0004600300513609277,0.05133353659775104,0.05313685439908587
one_factor,100,200,0.5,sample,0.19632278091397062,0.02992078528211721,1000,0.666789027651682,0.09308772933618957,1000,0.05555519051291801,0.015457819916336508,1000,0.0009461783087233409,0.19446827142887288,0.19817729039906837,0.0029436924691563296,0.6610193904121356,0.6725586648912284,0.0004888191859633679,0.05459710490842981,0.05651327611740621
one_factor,100,400,0.25,ledoit_wolf,0.13835724175715716,0.02255490263405089,1000,0.4774071616308496,0.0670038928050136,1000,0.02816733664268797,0.007748561707831886,1000,0.0007132486472693207,0.1369592744085093,0.13975520910580502,0.0021188491336161133,0.47325421732896206,0.4815601059327372,0.0002450310358711292,0.027687075812380557,0.028647597472995383
one_factor,100,400,0.25,sample,0.13912573878782492,0.02192167110807447,1000,0.48772694309209597,0.06869925709715702,1000,0.02911901664642027,0.008031573634703778,1000,0.0006932241081862249,0.1377670195357799,0.14048445803986992,0.0021724612598850363,0.4834689190227213,0.4919849671614706,0.0002539806588102111,0.028621214555152256,0.02961681873768828
one_factor,100,1000,0.1,ledoit_wolf,0.08765795190901197,0.013912450209304433,1000,0.3139692241317714,0.04548639833235129,1000,0.011941587474228969,0.0034247986654629393,1000,0.000439950304950883,0.08679564931130825,0.0885202545067157,0.0014384062128791472,0.31114994795452827,0.31678850030901456,0.00010830164310367932,0.011729316253745757,0.01215385869471218
one_factor,100,1000,0.1,sample,0.08811292806098314,0.013990393217048288,1000,0.31665699198136604,0.04587320528125451,1000,0.012102795898270539,0.003466192196519148,1000,0.00044241507927243024,0.08724579450560918,0.0889800616163571,0.0014506381226122927,0.31381374126104594,0.31950024270168614,0.00010961062148902467,0.01188795908015205,0.012317632716389028
