rebalancing_date,n_assets,top_n_missing_any,top_n_below_99,top_n_below_95,mean_top_n_availability,min_top_n_availability
1995-10-02,10,0,0,0,1.0,1.0
1995-10-02,50,1,1,1,0.9972222222222222,0.8611111111111112
1995-10-02,100,6,6,6,0.9753571428571428,0.2718253968253968
1995-10-02,200,13,13,12,0.9687400793650793,0.22420634920634921
1995-10-31,10,0,0,0,1.0,1.0
1995-10-31,50,1,1,1,0.9973015873015874,0.8650793650793651
1995-10-31,100,6,6,5,0.977063492063492,0.3134920634920635
1995-10-31,200,12,12,11,0.9706547619047619,0.22420634920634921
1995-11-30,10,0,0,0,1.0,1.0
1995-11-30,50,1,1,1,0.9973015873015874,0.8650793650793651
1995-11-30,100,6,5,5,0.9754761904761905,0.031746031746031744
1995-11-30,200,14,13,13,0.9625892857142858,0.031746031746031744
1996-01-02,10,1,1,1,0.9035714285714285,0.03571428571428571
1996-01-02,50,2,2,2,0.9780952380952381,0.03571428571428571
1996-01-02,100,6,6,5,0.9672420634920635,0.03571428571428571
1996-01-02,200,17,17,15,0.946875,0.013888888888888888
1996-01-31,10,1,1,1,0.9077380952380952,0.07738095238095238
1996-01-31,50,2,2,2,0.9789682539682539,0.07738095238095238
1996-01-31,100,7,7,6,0.9633730158730158,0.07738095238095238
1996-01-31,200,18,18,15,0.9493055555555554,0.05555555555555555
1996-03-01,10,1,1,1,0.9119047619047619,0.11904761904761904
1996-03-01,50,2,2,2,0.9799603174603174,0.11904761904761904
1996-03-01,100,8,8,7,0.960376984126984,0.11904761904761904
1996-03-01,200,15,15,13,0.9578075396825396,0.09722222222222222
1996-04-01,10,1,1,1,0.9160714285714284,0.16071428571428573
1996-04-01,50,2,2,2,0.9808333333333333,0.16071428571428573
1996-04-01,100,8,8,7,0.9628571428571427,0.16071428571428573
1996-04-01,200,16,16,14,0.9556448412698413,0.1388888888888889
1996-05-01,10,1,1,1,0.9202380952380953,0.20238095238095238
1996-05-01,50,3,3,3,0.9623412698412698,0.03373015873015873
1996-05-01,100,9,9,8,0.9553373015873015,0.03373015873015873
1996-05-01,200,18,18,15,0.9524503968253967,0.03373015873015873
1996-05-31,10,1,1,1,0.9244047619047618,0.24404761904761904
1996-05-31,50,3,3,3,0.9640079365079365,0.07539682539682539
1996-05-31,100,9,9,8,0.9573214285714287,0.07539682539682539
1996-05-31,200,15,15,13,0.9607539682539682,0.07539682539682539
1996-07-01,10,1,1,1,0.9285714285714285,0.2857142857142857
1996-07-01,50,3,3,3,0.9656746031746033,0.11706349206349206
1996-07-01,100,9,9,8,0.9590079365079365,0.11706349206349206
1996-07-01,200,17,17,14,0.958670634920635,0.11706349206349206
1996-07-31,10,1,1,1,0.9327380952380953,0.3273809523809524
1996-07-31,50,3,3,3,0.9674603174603175,0.15873015873015872
1996-07-31,100,9,9,8,0.9608134920634922,0.15873015873015872
1996-07-31,200,18,18,16,0.9568353174603175,0.15873015873015872
1996-08-29,10,1,1,1,0.9369047619047619,0.36904761904761907
1996-08-29,50,3,3,3,0.9692063492063491,0.2003968253968254
1996-08-29,100,9,9,8,0.9625396825396826,0.2003968253968254
1996-08-29,200,16,16,14,0.9645833333333335,0.2003968253968254
1996-09-30,10,1,1,1,0.9410714285714284,0.4107142857142857
1996-09-30,50,3,3,3,0.9709920634920636,0.24206349206349206
1996-09-30,100,9,8,8,0.9643452380952381,0.24206349206349206
1996-09-30,200,17,15,14,0.965873015873016,0.22420634920634921
1996-10-29,10,1,1,1,0.9452380952380952,0.4523809523809524
1996-10-29,50,3,3,3,0.9727777777777777,0.2837301587301587
1996-10-29,100,9,8,8,0.9660912698412699,0.2837301587301587
1996-10-29,200,16,14,14,0.9693353174603174,0.22420634920634921
1996-11-27,10,1,1,1,0.9494047619047619,0.49404761904761907
1996-11-27,50,3,3,3,0.9746825396825397,0.3253968253968254
1996-11-27,100,6,6,6,0.9763293650793651,0.3253968253968254
1996-11-27,200,14,14,14,0.9719742063492063,0.3253968253968254
1996-12-30,10,1,1,1,0.9535714285714285,0.5357142857142857
1996-12-30,50,3,3,3,0.9764682539682539,0.36706349206349204
1996-12-30,100,6,6,6,0.9780555555555556,0.36706349206349204
1996-12-30,200,13,13,13,0.9750099206349206,0.36706349206349204
1997-01-29,10,1,1,1,0.9577380952380953,0.5773809523809523
1997-01-29,50,3,3,3,0.9784126984126985,0.4087301587301587
1997-01-29,100,6,6,6,0.9798611111111112,0.4087301587301587
1997-01-29,200,14,14,14,0.9750892857142857,0.376984126984127
1997-02-28,10,1,1,1,0.9619047619047618,0.6190476190476191
1997-02-28,50,3,3,3,0.9802777777777777,0.4503968253968254
1997-02-28,100,6,6,5,0.9816269841269842,0.4503968253968254
1997-02-28,200,17,17,13,0.9758630952380952,0.376984126984127
1997-04-01,10,1,1,1,0.9660714285714285,0.6607142857142857
1997-04-01,50,3,3,2,0.9820634920634922,0.49206349206349204
1997-04-01,100,5,5,4,0.9828968253968253,0.4880952380952381
1997-04-01,200,16,16,15,0.9757242063492063,0.3531746031746032
1997-04-30,10,0,0,0,1.0,1.0
1997-04-30,50,3,3,3,0.9836904761904762,0.5337301587301587
1997-04-30,100,5,5,5,0.9837103174603175,0.44642857142857145
1997-04-30,200,16,16,15,0.9750892857142857,0.3115079365079365
1997-05-30,10,1,1,1,0.9744047619047619,0.7440476190476191
1997-05-30,50,3,3,2,0.9853968253968253,0.5753968253968254
1997-05-30,100,6,6,4,0.9843055555555555,0.40476190476190477
1997-05-30,200,15,15,13,0.9761904761904762,0.2698412698412698
1997-06-30,10,1,1,1,0.9785714285714284,0.7857142857142857
1997-06-30,50,3,3,2,0.9870634920634922,0.6170634920634921
1997-06-30,100,6,6,5,0.9847222222222222,0.3630952380952381
1997-06-30,200,14,14,13,0.9763095238095238,0.22817460317460317
1997-07-30,10,1,1,1,0.9827380952380953,0.8273809523809523
1997-07-30,50,3,3,2,0.9887301587301587,0.6587301587301587
1997-07-30,100,5,5,4,0.9862301587301587,0.32142857142857145
1997-07-30,200,14,14,11,0.9823611111111111,0.32142857142857145
1997-08-28,10,1,1,1,0.9869047619047618,0.8690476190476191
1997-08-28,50,3,3,2,0.9904761904761905,0.7003968253968254
1997-08-28,100,5,5,4,0.9871031746031746,0.27976190476190477
1997-08-28,200,17,17,15,0.9743154761904762,0.14484126984126985
1997-09-29,10,1,1,1,0.9910714285714285,0.9107142857142857
1997-09-29,50,3,3,2,0.9921825396825398,0.7420634920634921
1997-09-29,100,6,5,4,0.9879166666666666,0.23809523809523808
1997-09-29,200,18,17,13,0.9805853174603175,0.23809523809523808
1997-10-28,10,1,1,0,0.9952380952380953,0.9523809523809523
1997-10-28,50,4,3,1,0.9938492063492064,0.7837301587301587
1997-10-28,100,8,7,4,0.9854563492063493,0.19642857142857142
1997-10-28,200,22,20,17,0.9613392857142858,0.037698412698412696
1997-11-26,10,1,0,0,0.9994047619047619,0.9940476190476191
1997-11-26,50,4,2,1,0.9955158730158729,0.8253968253968254
1997-11-26,100,6,4,3,0.9884325396825396,0.15476190476190477
1997-11-26,200,18,16,14,0.9690376984126984,0.07936507936507936
1997-12-29,10,0,0,0,1.0,1.0
1997-12-29,50,3,2,1,0.9964682539682539,0.8670634920634921
1997-12-29,100,5,4,3,0.9880753968253968,0.1130952380952381
1997-12-29,200,17,16,15,0.9663690476190476,0.1130952380952381
1998-01-29,10,0,0,0,1.0,1.0
1998-01-29,50,4,2,1,0.9972222222222222,0.9087301587301587
1998-01-29,100,6,4,3,0.9876190476190476,0.07142857142857142
1998-01-29,200,21,17,15,0.9642857142857142,0.07142857142857142
1998-03-02,10,0,0,0,1.0,1.0
1998-03-02,50,4,2,0,0.998015873015873,0.9503968253968254
1998-03-02,100,6,4,2,0.9871825396825398,0.02976190476190476
1998-03-02,200,18,16,12,0.9672519841269842,0.02976190476190476
1998-03-31,10,0,0,0,1.0,1.0
1998-03-31,50,3,1,0,0.9989285714285714,0.9623015873015873
1998-03-31,100,5,2,1,0.9969047619047618,0.746031746031746
1998-03-31,200,17,13,12,0.972202380952381,0.05555555555555555
1998-04-30,10,0,0,0,1.0,1.0
1998-04-30,50,3,1,0,0.9990873015873016,0.9642857142857143
1998-04-30,100,6,3,2,0.9894444444444445,0.2876984126984127
1998-04-30,200,16,13,12,0.9706150793650794,0.013888888888888888
1998-06-01,10,0,0,0,1.0,1.0
1998-06-01,50,3,1,0,0.9991269841269842,0.9662698412698413
1998-06-01,100,7,4,3,0.9827579365079364,0.32936507936507936
1998-06-01,200,16,12,11,0.976984126984127,0.32936507936507936
1998-06-30,10,0,0,0,1.0,1.0
1998-06-30,50,4,1,0,0.9991666666666668,0.9702380952380952
1998-06-30,100,7,2,1,0.9957539682539683,0.621031746031746
1998-06-30,200,18,12,10,0.9777876984126985,0.30952380952380953
1998-07-30,10,0,0,0,1.0,1.0
1998-07-30,50,4,2,0,0.998373015873016,0.9583333333333334
1998-07-30,100,7,3,1,0.9949404761904762,0.5793650793650794
1998-07-30,200,21,16,14,0.9679861111111111,0.26785714285714285
1998-08-28,10,0,0,0,1.0,1.0
1998-08-28,50,4,2,1,0.9975396825396825,0.9166666666666666
1998-08-28,100,9,4,3,0.9929365079365078,0.5376984126984127
1998-08-28,200,24,18,17,0.9581448412698412,0.09126984126984126
1998-09-29,10,0,0,0,1.0,1.0
1998-09-29,50,3,1,0,0.9992063492063492,0.9702380952380952
1998-09-29,100,7,3,2,0.9929563492063492,0.49603174603174605
1998-09-29,200,23,18,16,0.9571031746031747,0.13293650793650794
1998-10-28,10,0,0,0,1.0,1.0
1998-10-28,50,3,1,0,0.9992063492063492,0.9702380952380952
1998-10-28,100,7,2,1,0.9940674603174603,0.45436507936507936
1998-10-28,200,23,17,16,0.9582539682539682,0.14285714285714285
1998-11-27,10,0,0,0,1.0,1.0
1998-11-27,50,3,1,0,0.9992460317460318,0.9722222222222222
1998-11-27,100,9,5,1,0.9929166666666666,0.4126984126984127
1998-11-27,200,25,20,15,0.9616170634920634,0.10119047619047619
1998-12-29,10,0,0,0,1.0,1.0
1998-12-29,50,3,1,0,0.9993253968253968,0.9761904761904762
1998-12-29,100,11,6,4,0.9910515873015874,0.37103174603174605
1998-12-29,200,29,23,21,0.9543055555555555,0.05952380952380952
1999-01-29,10,0,0,0,1.0,1.0
1999-01-29,50,3,0,0,0.9996428571428573,0.9920634920634921
1999-01-29,100,11,6,5,0.9887103174603175,0.32936507936507936
1999-01-29,200,31,24,23,0.9479761904761905,0.017857142857142856
1999-03-02,10,0,0,0,1.0,1.0
1999-03-02,50,4,1,0,0.9992063492063492,0.9761904761904762
1999-03-02,100,12,7,6,0.9859920634920636,0.2876984126984127
1999-03-02,200,34,26,23,0.9509623015873017,0.0992063492063492
1999-03-31,10,0,0,0,1.0,1.0
1999-03-31,50,3,1,1,0.9984126984126985,0.9345238095238095
1999-03-31,100,15,9,9,0.9811507936507937,0.24603174603174602
1999-03-31,200,33,26,26,0.9517559523809525,0.057539682539682536
1999-04-30,10,0,0,0,1.0,1.0
1999-04-30,50,3,1,1,0.9976190476190476,0.8928571428571429
1999-04-30,100,17,12,10,0.9798611111111113,0.7242063492063492
1999-04-30,200,34,27,25,0.948670634920635,0.015873015873015872
1999-06-01,10,0,0,0,1.0,1.0
1999-06-01,50,3,1,1,0.9967857142857143,0.8511904761904762
1999-06-01,100,16,10,9,0.9726388888888888,0.03571428571428571
1999-06-01,200,33,27,26,0.942123015873016,0.03571428571428571
1999-06-30,10,0,0,0,1.0,1.0
1999-06-30,50,3,1,1,0.995952380952381,0.8095238095238095
1999-06-30,100,14,8,8,0.9728373015873015,0.07738095238095238
1999-06-30,200,31,25,25,0.9444940476190475,0.07738095238095238
1999-07-30,10,0,0,0,1.0,1.0
1999-07-30,50,3,1,1,0.9951190476190476,0.7678571428571429
1999-07-30,100,14,8,8,0.9703373015873017,0.11904761904761904
1999-07-30,200,32,26,26,0.9365376984126985,0.013888888888888888
1999-08-30,10,0,0,0,1.0,1.0
1999-08-30,50,4,2,1,0.9937301587301587,0.7261904761904762
1999-08-30,100,15,9,8,0.9675595238095238,0.16071428571428573
1999-08-30,200,33,27,23,0.9388492063492063,0.01984126984126984
1999-09-29,10,0,0,0,1.0,1.0
1999-09-29,50,4,2,2,0.9920634920634922,0.6845238095238095
1999-09-29,100,16,10,10,0.9589285714285716,0.20238095238095238
1999-09-29,200,33,24,24,0.9453075396825398,0.09722222222222222
1999-10-28,10,0,0,0,1.0,1.0
1999-10-28,50,4,2,2,0.990436507936508,0.6428571428571429
1999-10-28,100,16,10,10,0.956468253968254,0.24404761904761904
1999-10-28,200,36,26,25,0.9339781746031747,0.09523809523809523
1999-11-29,10,0,0,0,1.0,1.0
1999-11-29,50,3,2,1,0.9965873015873015,0.8472222222222222
1999-11-29,100,16,11,10,0.9539087301587301,0.2857142857142857
1999-11-29,200,38,29,27,0.9180654761904762,0.00992063492063492
1999-12-29,10,0,0,0,1.0,1.0
1999-12-29,50,4,2,2,0.9948412698412699,0.8055555555555556
1999-12-29,100,17,12,12,0.9432142857142857,0.2222222222222222
1999-12-29,200,39,30,29,0.9162003968253967,0.011904761904761904
2000-01-28,10,0,0,0,1.0,1.0
2000-01-28,50,4,3,2,0.9928968253968253,0.7638888888888888
2000-01-28,100,16,13,12,0.9369841269841269,0.09325396825396826
2000-01-28,200,37,33,31,0.9129960317460317,0.02976190476190476
2000-02-29,10,0,0,0,1.0,1.0
2000-02-29,50,4,4,4,0.9704761904761905,0.001984126984126984
2000-02-29,100,18,16,16,0.9124404761904762,0.001984126984126984
2000-02-29,200,37,35,35,0.9089682539682539,0.001984126984126984
2000-03-29,10,0,0,0,1.0,1.0
2000-03-29,50,3,3,3,0.9751984126984127,0.04365079365079365
2000-03-29,100,17,15,15,0.9170634920634921,0.04365079365079365
2000-03-29,200,37,35,34,0.9066567460317461,0.03571428571428571
2000-04-28,10,0,0,0,1.0,1.0
2000-04-28,50,3,3,3,0.9854365079365078,0.6388888888888888
2000-04-28,100,16,14,14,0.9219246031746031,0.08531746031746032
2000-04-28,200,34,32,32,0.9120138888888889,0.021825396825396824
2000-05-30,10,0,0,0,1.0,1.0
2000-05-30,50,3,3,3,0.982936507936508,0.5972222222222222
2000-05-30,100,16,14,13,0.9256944444444446,0.12698412698412698
2000-05-30,200,30,28,27,0.9199305555555556,0.00992063492063492
2000-06-28,10,0,0,0,1.0,1.0
2000-06-28,50,2,2,2,0.9893253968253969,0.6984126984126984
2000-06-28,100,16,16,15,0.9131547619047619,0.1626984126984127
2000-06-28,200,34,34,32,0.9037301587301587,0.031746031746031744
2000-07-28,10,0,0,0,1.0,1.0
2000-07-28,50,2,2,2,0.9876587301587301,0.6567460317460317
2000-07-28,100,15,14,14,0.9244246031746032,0.12103174603174603
2000-07-28,200,36,35,35,0.8982738095238095,0.0
2000-08-28,10,0,0,0,1.0,1.0
2000-08-28,50,3,3,2,0.9852380952380954,0.6150793650793651
2000-08-28,100,19,19,15,0.9163690476190475,0.03968253968253968
2000-08-28,200,40,40,35,0.896438492063492,0.03968253968253968
2000-09-27,10,0,0,0,1.0,1.0
2000-09-27,50,4,4,4,0.9753174603174602,0.5734126984126984
2000-09-27,100,17,17,17,0.9220634920634921,0.037698412698412696
2000-09-27,200,37,37,37,0.9034821428571428,0.037698412698412696
2000-10-26,10,0,0,0,1.0,1.0
2000-10-26,50,3,3,3,0.9802380952380951,0.5317460317460317
2000-10-26,100,17,17,16,0.9227777777777778,0.01984126984126984
2000-10-26,200,37,37,35,0.9048611111111111,0.01984126984126984
2000-11-27,10,0,0,0,1.0,1.0
2000-11-27,50,3,3,3,0.9777380952380952,0.49007936507936506
2000-11-27,100,17,17,17,0.9196626984126985,0.021825396825396824
2000-11-27,200,33,33,32,0.9251388888888888,0.021825396825396824
2000-12-27,10,0,0,0,1.0,1.0
2000-12-27,50,4,4,4,0.9613492063492063,0.3055555555555556
2000-12-27,100,15,15,15,0.9361507936507937,0.05952380952380952
2000-12-27,200,29,29,29,0.9353075396825398,0.04563492063492063
2001-01-29,10,0,0,0,1.0,1.0
2001-01-29,50,3,3,3,0.9727380952380952,0.40674603174603174
2001-01-29,100,15,15,15,0.9332341269841271,0.017857142857142856
2001-01-29,200,28,28,28,0.9360416666666667,0.003968253968253968
2001-02-28,10,0,0,0,1.0,1.0
2001-02-28,50,6,5,5,0.9491269841269842,0.2222222222222222
2001-02-28,100,13,12,12,0.9440674603174602,0.06746031746031746
2001-02-28,200,29,27,25,0.9483333333333333,0.06746031746031746
2001-03-29,10,0,0,0,1.0,1.0
2001-03-29,50,6,6,5,0.944126984126984,0.18055555555555555
2001-03-29,100,13,13,11,0.9403174603174602,0.025793650793650792
2001-03-29,200,34,33,28,0.938531746031746,0.025793650793650792
2001-04-30,10,0,0,0,1.0,1.0
2001-04-30,50,6,6,6,0.9391269841269841,0.1388888888888889
2001-04-30,100,12,11,11,0.9467261904761906,0.1388888888888889
2001-04-30,200,31,29,29,0.944156746031746,0.1349206349206349
2001-05-30,10,0,0,0,1.0,1.0
2001-05-30,50,5,5,5,0.9420634920634922,0.09722222222222222
2001-05-30,100,11,11,11,0.9430357142857142,0.09722222222222222
2001-05-30,200,29,29,28,0.9431547619047618,0.09325396825396826
2001-06-28,10,0,0,0,1.0,1.0
2001-06-28,50,6,6,6,0.929126984126984,0.05555555555555555
2001-06-28,100,11,11,10,0.9444444444444444,0.05555555555555555
2001-06-28,200,31,31,29,0.9286805555555554,0.01984126984126984
2001-07-30,10,0,0,0,1.0,1.0
2001-07-30,50,6,6,6,0.924126984126984,0.013888888888888888
2001-07-30,100,11,11,11,0.9368055555555556,0.013888888888888888
2001-07-30,200,30,30,29,0.925515873015873,0.00992063492063492
2001-08-28,10,0,0,0,1.0,1.0
2001-08-28,50,5,5,5,0.9396825396825398,0.11507936507936507
2001-08-28,100,12,12,12,0.9360317460317461,0.11507936507936507
2001-08-28,200,29,29,29,0.9275099206349207,0.10317460317460317
2001-10-02,10,0,0,0,1.0,1.0
2001-10-02,50,7,7,7,0.9113492063492064,0.07341269841269842
2001-10-02,100,14,14,14,0.9229166666666667,0.07341269841269842
2001-10-02,200,37,36,35,0.9156944444444445,0.061507936507936505
2001-10-31,10,0,0,0,1.0,1.0
2001-10-31,50,8,8,8,0.892936507936508,0.031746031746031744
2001-10-31,100,13,13,13,0.9222817460317461,0.031746031746031744
2001-10-31,200,35,34,31,0.9178174603174603,0.01984126984126984
2001-11-30,10,0,0,0,1.0,1.0
2001-11-30,50,5,5,5,0.9328174603174604,0.05952380952380952
2001-11-30,100,11,11,10,0.939920634920635,0.05952380952380952
2001-11-30,200,32,31,30,0.9239285714285714,0.05952380952380952
2002-01-02,10,0,0,0,1.0,1.0
2002-01-02,50,5,5,5,0.9286507936507935,0.017857142857142856
2002-01-02,100,12,12,12,0.9325992063492063,0.017857142857142856
2002-01-02,200,33,32,31,0.9160714285714286,0.017857142857142856
2002-02-01,10,0,0,0,1.0,1.0
2002-02-01,50,4,4,4,0.9449603174603175,0.1884920634920635
2002-02-01,100,12,12,12,0.9311706349206349,0.14484126984126985
2002-02-01,200,30,29,29,0.9223511904761905,0.025793650793650792
2002-03-05,10,0,0,0,1.0,1.0
2002-03-05,50,3,3,3,0.9586904761904762,0.2123015873015873
2002-03-05,100,10,10,10,0.937420634920635,0.10317460317460317
2002-03-05,200,29,28,28,0.9236805555555556,0.10317460317460317
2002-04-04,10,0,0,0,1.0,1.0
2002-04-04,50,3,3,3,0.9561904761904763,0.17063492063492064
2002-04-04,100,10,10,10,0.9340873015873017,0.061507936507936505
2002-04-04,200,29,28,26,0.9201587301587302,0.061507936507936505
2002-05-03,10,0,0,0,1.0,1.0
2002-05-03,50,3,3,3,0.9536904761904762,0.12896825396825398
2002-05-03,100,12,12,12,0.915138888888889,0.01984126984126984
2002-05-03,200,27,26,26,0.9166765873015873,0.01984126984126984
2002-06-04,10,0,0,0,1.0,1.0
2002-06-04,50,4,4,4,0.9316269841269841,0.021825396825396824
2002-06-04,100,10,10,10,0.9311904761904762,0.021825396825396824
2002-06-04,200,27,26,26,0.9181051587301587,0.021825396825396824
2002-07-03,10,0,0,0,1.0,1.0
2002-07-03,50,5,5,5,0.9106746031746031,0.037698412698412696
2002-07-03,100,13,13,13,0.9177976190476188,0.037698412698412696
2002-07-03,200,29,29,28,0.9078174603174602,0.031746031746031744
2002-08-02,10,0,0,0,1.0,1.0
2002-08-02,50,4,4,4,0.9265873015873015,0.003968253968253968
2002-08-02,100,13,12,12,0.9236904761904764,0.003968253968253968
2002-08-02,200,31,30,30,0.9050198412698413,0.003968253968253968
2002-09-03,10,0,0,0,1.0,1.0
2002-09-03,50,2,2,2,0.9771031746031746,0.24404761904761904
2002-09-03,100,10,9,9,0.9508531746031746,0.2261904761904762
2002-09-03,200,26,25,25,0.9243055555555557,0.061507936507936505
2002-10-02,10,0,0,0,1.0,1.0
2002-10-02,50,2,2,2,0.9754365079365079,0.20238095238095238
2002-10-02,100,11,10,9,0.9392857142857143,0.06944444444444445
2002-10-02,200,29,28,27,0.9109126984126985,0.01984126984126984
2002-10-31,10,0,0,0,1.0,1.0
2002-10-31,50,2,2,2,0.9737698412698412,0.16071428571428573
2002-10-31,100,11,10,9,0.9365873015873015,0.027777777777777776
2002-10-31,200,27,26,24,0.9193253968253968,0.027777777777777776
2002-12-02,10,0,0,0,1.0,1.0
2002-12-02,50,2,2,2,0.9721031746031747,0.11904761904761904
2002-12-02,100,10,8,8,0.9438888888888889,0.10119047619047619
2002-12-02,200,29,27,26,0.917876984126984,0.027777777777777776
2003-01-02,10,0,0,0,1.0,1.0
2003-01-02,50,2,2,2,0.9704365079365078,0.07738095238095238
2003-01-02,100,10,8,8,0.9414285714285714,0.05952380952380952
2003-01-02,200,27,25,24,0.9247619047619048,0.005952380952380952
2003-02-03,10,0,0,0,1.0,1.0
2003-02-03,50,2,2,2,0.9687698412698412,0.03571428571428571
2003-02-03,100,10,8,8,0.9376190476190477,0.017857142857142856
2003-02-03,200,26,24,23,0.926875,0.017857142857142856
2003-03-05,10,0,0,0,1.0,1.0
2003-03-05,50,1,1,1,0.9872222222222223,0.3611111111111111
2003-03-05,100,7,5,5,0.9718253968253968,0.18452380952380953
2003-03-05,200,22,20,19,0.9445337301587301,0.015873015873015872
2003-04-03,10,0,0,0,1.0,1.0
2003-04-03,50,1,1,1,0.9863888888888889,0.3194444444444444
2003-04-03,100,6,4,4,0.9731349206349207,0.14285714285714285
2003-04-03,200,19,17,16,0.9536904761904762,0.007936507936507936
2003-05-05,10,0,0,0,1.0,1.0
2003-05-05,50,0,0,0,1.0,1.0
2003-05-05,100,6,4,4,0.9660714285714286,0.015873015873015872
2003-05-05,200,19,17,16,0.9520634920634922,0.015873015873015872
2003-06-04,10,0,0,0,1.0,1.0
2003-06-04,50,1,1,0,0.9997619047619049,0.9880952380952381
2003-06-04,100,7,5,4,0.9650992063492063,0.05555555555555555
2003-06-04,200,19,17,13,0.9587400793650793,0.05555555555555555
2003-07-03,10,0,0,0,1.0,1.0
2003-07-03,50,1,1,1,0.9989285714285714,0.9464285714285714
2003-07-03,100,7,5,5,0.9638492063492063,0.017857142857142856
2003-07-03,200,19,17,16,0.9563988095238095,0.017857142857142856
2003-08-04,10,0,0,0,1.0,1.0
2003-08-04,50,1,1,1,0.9980952380952381,0.9047619047619048
2003-08-04,100,6,4,4,0.9728373015873016,0.09523809523809523
2003-08-04,200,18,15,14,0.9604960317460316,0.007936507936507936
2003-09-03,10,0,0,0,1.0,1.0
2003-09-03,50,1,1,1,0.9972619047619048,0.8630952380952381
2003-09-03,100,6,4,4,0.9720039682539682,0.05357142857142857
2003-09-03,200,17,15,13,0.9637896825396826,0.01984126984126984
2003-10-02,10,0,0,0,1.0,1.0
2003-10-02,50,1,1,1,0.9964285714285714,0.8214285714285714
2003-10-02,100,6,4,4,0.9711706349206349,0.011904761904761904
2003-10-02,200,18,16,15,0.9634027777777777,0.011904761904761904
2003-10-31,10,0,0,0,1.0,1.0
2003-10-31,50,1,1,1,0.9955952380952381,0.7797619047619048
2003-10-31,100,6,4,3,0.9801984126984127,0.027777777777777776
2003-10-31,200,15,13,12,0.9752182539682539,0.027777777777777776
2003-12-02,10,0,0,0,1.0,1.0
2003-12-02,50,1,1,1,0.9947619047619048,0.7380952380952381
2003-12-02,100,4,3,2,0.9899801587301588,0.3055555555555556
2003-12-02,200,13,12,10,0.9792857142857143,0.26587301587301587
2004-01-02,10,0,0,0,1.0,1.0
2004-01-02,50,1,1,1,0.9939285714285714,0.6964285714285714
2004-01-02,100,4,3,2,0.9899801587301588,0.3472222222222222
2004-01-02,200,13,12,10,0.9743849206349204,0.00992063492063492
2004-02-03,10,0,0,0,1.0,1.0
2004-02-03,50,1,1,1,0.9930952380952381,0.6547619047619048
2004-02-03,100,5,3,2,0.9899603174603174,0.3888888888888889
2004-02-03,200,14,12,11,0.9735416666666667,0.051587301587301584
2004-03-04,10,0,0,0,1.0,1.0
2004-03-04,50,1,1,1,0.9922619047619048,0.6130952380952381
2004-03-04,100,5,3,2,0.9899603174603174,0.4305555555555556
2004-03-04,200,14,12,10,0.9727083333333334,0.09325396825396826
2004-04-02,10,0,0,0,1.0,1.0
2004-04-02,50,1,1,1,0.9914285714285714,0.5714285714285714
2004-04-02,100,5,3,2,0.9899603174603174,0.4722222222222222
2004-04-02,200,13,11,10,0.9717956349206349,0.0992063492063492
2004-05-04,10,0,0,0,1.0,1.0
2004-05-04,50,1,1,1,0.9905952380952381,0.5297619047619048
2004-05-04,100,5,3,2,0.9865873015873017,0.1765873015873016
2004-05-04,200,13,11,10,0.9707242063492063,0.057539682539682536
2004-06-03,10,0,0,0,1.0,1.0
2004-06-03,50,1,1,1,0.9897619047619048,0.4880952380952381
2004-06-03,100,6,4,2,0.9863095238095236,0.21825396825396826
2004-06-03,200,15,13,10,0.9691071428571427,0.015873015873015872
2004-07-06,10,0,0,0,1.0,1.0
2004-07-06,50,1,1,1,0.9889285714285714,0.44642857142857145
2004-07-06,100,6,4,3,0.9859325396825398,0.25992063492063494
2004-07-06,200,13,11,10,0.9730357142857143,0.1388888888888889
2004-08-04,10,0,0,0,1.0,1.0
2004-08-04,50,2,2,2,0.9858730158730158,0.40476190476190477
2004-08-04,100,3,2,2,0.9929166666666667,0.40476190476190477
2004-08-04,200,11,10,10,0.9720039682539684,0.09722222222222222
2004-09-02,10,0,0,0,1.0,1.0
2004-09-02,50,2,2,1,0.986626984126984,0.3630952380952381
2004-09-02,100,4,3,2,0.9917658730158729,0.3630952380952381
2004-09-02,200,12,11,10,0.9708035714285714,0.05555555555555555
2004-10-04,10,0,0,0,1.0,1.0
2004-10-04,50,2,2,2,0.9849603174603174,0.32142857142857145
2004-10-04,100,5,4,4,0.9843650793650793,0.32142857142857145
2004-10-04,200,11,10,10,0.973204365079365,0.013888888888888888
2004-11-02,10,0,0,0,1.0,1.0
2004-11-02,50,2,2,2,0.9832936507936507,0.27976190476190477
2004-11-02,100,4,3,3,0.989265873015873,0.27976190476190477
2004-11-02,200,10,9,8,0.9775099206349208,0.05555555555555555
2004-12-02,10,0,0,0,1.0,1.0
2004-12-02,50,2,2,2,0.981626984126984,0.23809523809523808
2004-12-02,100,4,4,4,0.9784126984126985,0.037698412698412696
2004-12-02,200,11,10,10,0.9672519841269842,0.013888888888888888
2005-01-03,10,0,0,0,1.0,1.0
2005-01-03,50,2,2,2,0.9799603174603174,0.19642857142857142
2005-01-03,100,6,5,4,0.977202380952381,0.07936507936507936
2005-01-03,200,13,12,10,0.9665674603174604,0.011904761904761904
2005-02-02,10,0,0,0,1.0,1.0
2005-02-02,50,2,2,2,0.9782936507936507,0.15476190476190477
2005-02-02,100,6,5,5,0.975952380952381,0.12103174603174603
2005-02-02,200,14,13,11,0.9708630952380952,0.06349206349206349
2005-03-04,10,0,0,0,1.0,1.0
2005-03-04,50,2,2,2,0.976626984126984,0.1130952380952381
2005-03-04,100,5,5,5,0.9747222222222223,0.1130952380952381
2005-03-04,200,14,13,13,0.9700297619047619,0.10515873015873016
2005-04-05,10,0,0,0,1.0,1.0
2005-04-05,50,2,2,2,0.9749603174603174,0.07142857142857142
2005-04-05,100,5,5,5,0.9734722222222223,0.07142857142857142
2005-04-05,200,16,15,14,0.9656547619047618,0.07142857142857142
2005-05-04,10,0,0,0,1.0,1.0
2005-05-04,50,2,2,2,0.9732936507936507,0.02976190476190476
2005-05-04,100,6,6,6,0.965734126984127,0.02976190476190476
2005-05-04,200,15,14,14,0.9687996031746031,0.02976190476190476
2005-06-03,10,0,0,0,1.0,1.0
2005-06-03,50,1,1,1,0.9918650793650794,0.5932539682539683
2005-06-03,100,5,5,5,0.9750198412698413,0.2876984126984127
2005-06-03,200,14,13,13,0.9726190476190476,0.27976190476190477
2005-07-05,10,0,0,0,1.0,1.0
2005-07-05,50,1,1,1,0.991031746031746,0.5515873015873016
2005-07-05,100,5,5,5,0.9746031746031746,0.32936507936507936
2005-07-05,200,15,14,14,0.9665972222222223,0.003968253968253968
2005-08-03,10,0,0,0,1.0,1.0
2005-08-03,50,2,2,2,0.9797222222222222,0.47619047619047616
2005-08-03,100,5,5,5,0.9741865079365079,0.37103174603174605
2005-08-03,200,14,14,13,0.9665277777777778,0.04563492063492063
2005-09-01,10,0,0,0,1.0,1.0
2005-09-01,50,1,1,1,0.9893650793650793,0.46825396825396826
2005-09-01,100,5,5,5,0.9737698412698412,0.3472222222222222
2005-09-01,200,15,15,15,0.9645634920634921,0.0873015873015873
2005-10-03,10,0,0,0,1.0,1.0
2005-10-03,50,2,2,2,0.9797222222222223,0.42658730158730157
2005-10-03,100,6,6,5,0.9732341269841269,0.3055555555555556
2005-10-03,200,16,16,14,0.9647222222222223,0.1130952380952381
2005-11-01,10,0,0,0,1.0,1.0
2005-11-01,50,3,3,2,0.9788888888888888,0.38492063492063494
2005-11-01,100,7,7,6,0.9719841269841271,0.2638888888888889
2005-11-01,200,17,17,16,0.963263888888889,0.07142857142857142
2005-12-01,10,0,0,0,1.0,1.0
2005-12-01,50,2,2,2,0.9911904761904762,0.6428571428571429
2005-12-01,100,7,7,7,0.970734126984127,0.2222222222222222
2005-12-01,200,17,17,15,0.9656746031746032,0.02976190476190476
2006-01-03,10,0,0,0,1.0,1.0
2006-01-03,50,2,2,2,0.9911904761904762,0.6845238095238095
2006-01-03,100,7,7,7,0.969484126984127,0.18055555555555555
2006-01-03,200,15,15,15,0.9688095238095238,0.16071428571428573
2006-02-02,10,0,0,0,1.0,1.0
2006-02-02,50,2,2,2,0.9911904761904762,0.7261904761904762
2006-02-02,100,8,8,7,0.9678174603174604,0.1388888888888889
2006-02-02,200,16,16,15,0.9650396825396825,0.11904761904761904
2006-03-06,10,0,0,0,1.0,1.0
2006-03-06,50,3,3,3,0.9755555555555556,0.21825396825396826
2006-03-06,100,8,8,8,0.9661507936507937,0.09722222222222222
2006-03-06,200,16,16,16,0.9633730158730158,0.07738095238095238
2006-04-04,10,0,0,0,1.0,1.0
2006-04-04,50,2,2,2,0.9911904761904762,0.75
2006-04-04,100,8,8,8,0.964484126984127,0.05555555555555555
2006-04-04,200,17,17,17,0.9608035714285714,0.03571428571428571
2006-05-04,10,0,0,0,1.0,1.0
2006-05-04,50,1,1,1,0.9970238095238095,0.8511904761904762
2006-05-04,100,8,8,8,0.9628174603174604,0.013888888888888888
2006-05-04,200,17,17,16,0.9638789682539683,0.013888888888888888
2006-06-05,10,0,0,0,1.0,1.0
2006-06-05,50,1,1,1,0.9978571428571428,0.8928571428571429
2006-06-05,100,8,8,7,0.9711309523809524,0.09325396825396826
2006-06-05,200,18,18,16,0.9668253968253968,0.09325396825396826
2006-07-05,10,0,0,0,1.0,1.0
2006-07-05,50,3,3,3,0.9722222222222223,0.051587301587301584
2006-07-05,100,8,8,8,0.9694642857142857,0.051587301587301584
2006-07-05,200,18,18,18,0.9647420634920636,0.051587301587301584
2006-08-03,10,0,0,0,1.0,1.0
2006-08-03,50,2,2,1,0.9911904761904762,0.5833333333333334
2006-08-03,100,8,8,7,0.967797619047619,0.00992063492063492
2006-08-03,200,19,19,18,0.9580952380952381,0.00992063492063492
2006-09-01,10,0,0,0,1.0,1.0
2006-09-01,50,1,1,1,0.9908333333333335,0.5416666666666666
2006-09-01,100,6,6,6,0.9762698412698413,0.13095238095238096
2006-09-01,200,17,17,17,0.9612896825396825,0.12896825396825398
2006-10-03,10,0,0,0,1.0,1.0
2006-10-03,50,1,1,1,0.99,0.5
2006-10-03,100,6,6,5,0.9746031746031746,0.08928571428571429
2006-10-03,200,17,16,14,0.9635515873015873,0.08928571428571429
2006-11-01,10,0,0,0,1.0,1.0
2006-11-01,50,0,0,0,1.0,1.0
2006-11-01,100,6,5,5,0.9729365079365079,0.047619047619047616
2006-11-01,200,16,14,13,0.9636210317460316,0.047619047619047616
2006-12-01,10,0,0,0,1.0,1.0
2006-12-01,50,0,0,0,1.0,1.0
2006-12-01,100,6,6,5,0.9706944444444445,0.005952380952380952
2006-12-01,200,14,14,13,0.9611607142857143,0.005952380952380952
2007-01-04,10,0,0,0,1.0,1.0
2007-01-04,50,1,0,0,0.9999603174603174,0.998015873015873
2007-01-04,100,5,4,4,0.9791468253968254,0.3630952380952381
2007-01-04,200,14,12,12,0.9639484126984127,0.013888888888888888
2007-02-05,10,0,0,0,1.0,1.0
2007-02-05,50,1,1,0,0.9991269841269841,0.9563492063492064
2007-02-05,100,6,6,5,0.9674206349206349,0.03571428571428571
2007-02-05,200,11,11,9,0.9749503968253969,0.03571428571428571
2007-03-07,10,0,0,0,1.0,1.0
2007-03-07,50,2,2,2,0.9841269841269841,0.2916666666666667
2007-03-07,100,6,6,6,0.9657539682539682,0.07738095238095238
2007-03-07,200,13,13,12,0.969295634920635,0.07738095238095238
2007-04-05,10,0,0,0,1.0,1.0
2007-04-05,50,1,1,1,0.9974603174603175,0.873015873015873
2007-04-05,100,6,6,6,0.9640873015873015,0.11904761904761904
2007-04-05,200,14,14,12,0.9706349206349206,0.11904761904761904
2007-05-07,10,0,0,0,1.0,1.0
2007-05-07,50,1,1,1,0.996626984126984,0.8313492063492064
2007-05-07,100,6,6,6,0.9624206349206349,0.16071428571428573
2007-05-07,200,14,14,14,0.9681349206349207,0.09325396825396826
2007-06-06,10,0,0,0,1.0,1.0
2007-06-06,50,1,1,1,0.9957936507936508,0.7896825396825397
2007-06-06,100,6,6,6,0.9607539682539684,0.15476190476190477
2007-06-06,200,14,14,14,0.9656349206349206,0.051587301587301584
2007-07-06,10,0,0,0,1.0,1.0
2007-07-06,50,1,1,1,0.9949603174603174,0.748015873015873
2007-07-06,100,6,6,6,0.9590873015873016,0.1130952380952381
2007-07-06,200,16,16,16,0.9534126984126985,0.00992063492063492
2007-08-06,10,0,0,0,1.0,1.0
2007-08-06,50,1,1,1,0.9941269841269841,0.7063492063492064
2007-08-06,100,5,5,5,0.9645634920634921,0.07142857142857142
2007-08-06,200,14,14,14,0.961140873015873,0.06944444444444445
2007-09-05,10,0,0,0,1.0,1.0
2007-09-05,50,1,1,1,0.9932936507936507,0.6646825396825397
2007-09-05,100,5,5,5,0.9624801587301587,0.02976190476190476
2007-09-05,200,14,14,14,0.9590575396825397,0.02976190476190476
2007-10-04,10,0,0,0,1.0,1.0
2007-10-04,50,1,1,1,0.9924603174603175,0.623015873015873
2007-10-04,100,4,4,4,0.984781746031746,0.3194444444444444
2007-10-04,200,16,16,16,0.9588392857142857,0.125
2007-11-02,10,0,0,0,1.0,1.0
2007-11-02,50,1,1,1,0.991626984126984,0.5813492063492064
2007-11-02,100,2,2,2,0.9925793650793651,0.5813492063492064
2007-11-02,200,14,14,14,0.9621329365079364,0.08333333333333333
2007-12-04,10,0,0,0,1.0,1.0
2007-12-04,50,1,1,1,0.9907936507936508,0.5396825396825397
2007-12-04,100,2,2,2,0.9875992063492063,0.22023809523809523
2007-12-04,200,14,14,12,0.9634226190476189,0.041666666666666664
2008-01-04,10,0,0,0,1.0,1.0
2008-01-04,50,1,1,1,0.9899603174603174,0.498015873015873
2008-01-04,100,2,2,2,0.986765873015873,0.17857142857142858
2008-01-04,200,16,15,14,0.9638888888888889,0.15079365079365079
2008-02-05,10,0,0,0,1.0,1.0
2008-02-05,50,1,1,1,0.9891269841269841,0.45634920634920634
2008-02-05,100,2,2,2,0.9859325396825398,0.13690476190476192
2008-02-05,200,18,18,16,0.9616369047619048,0.10912698412698413
2008-03-06,10,0,0,0,1.0,1.0
2008-03-06,50,1,1,1,0.9882936507936507,0.4146825396825397
2008-03-06,100,3,3,3,0.9836904761904762,0.09523809523809523
2008-03-06,200,17,17,17,0.9597123015873015,0.06746031746031746
2008-04-07,10,0,0,0,1.0,1.0
2008-04-07,50,3,3,3,0.9484126984126985,0.021825396825396824
2008-04-07,100,4,4,4,0.9647420634920636,0.021825396825396824
2008-04-07,200,21,21,21,0.9452876984126984,0.021825396825396824
2008-05-06,10,0,0,0,1.0,1.0
2008-05-06,50,3,3,3,0.9492460317460316,0.06349206349206349
2008-05-06,100,4,4,4,0.9647420634920634,0.011904761904761904
2008-05-06,200,21,21,20,0.9457142857142855,0.007936507936507936
2008-06-05,10,0,0,0,1.0,1.0
2008-06-05,50,2,2,2,0.9679761904761905,0.10912698412698413
2008-06-05,100,3,3,3,0.9750396825396825,0.10515873015873016
2008-06-05,200,18,18,18,0.9545238095238094,0.10515873015873016
2008-07-07,10,0,0,0,1.0,1.0
2008-07-07,50,2,2,2,0.9679761904761905,0.15079365079365079
2008-07-07,100,4,4,4,0.9723809523809525,0.14682539682539683
2008-07-07,200,21,21,21,0.9507738095238096,0.12301587301587301
2008-08-05,10,0,0,0,1.0,1.0
2008-08-05,50,2,2,2,0.9679761904761903,0.19246031746031747
2008-08-05,100,4,4,4,0.9723809523809525,0.1884920634920635
2008-08-05,200,21,20,20,0.9518551587301587,0.08134920634920635
2008-09-04,10,0,0,0,1.0,1.0
2008-09-04,50,2,2,2,0.9679761904761903,0.16468253968253968
2008-09-04,100,4,4,4,0.9723809523809525,0.16468253968253968
2008-09-04,200,19,19,17,0.9523511904761905,0.03968253968253968
2008-10-03,10,0,0,0,1.0,1.0
2008-10-03,50,2,2,2,0.9679761904761905,0.12301587301587301
2008-10-03,100,8,8,8,0.9489484126984127,0.12301587301587301
2008-10-03,200,17,17,17,0.9547222222222222,0.12301587301587301
2008-11-03,10,0,0,0,1.0,1.0
2008-11-03,50,2,2,2,0.9679761904761903,0.08134920634920635
2008-11-03,100,8,8,8,0.9469246031746031,0.08134920634920635
2008-11-03,200,23,23,22,0.9382638888888889,0.04365079365079365
2008-12-03,10,0,0,0,1.0,1.0
2008-12-03,50,3,3,2,0.967579365079365,0.03968253968253968
2008-12-03,100,11,11,10,0.9309126984126985,0.03968253968253968
2008-12-03,200,27,27,25,0.9264880952380952,0.001984126984126984
2009-01-05,10,0,0,0,1.0,1.0
2009-01-05,50,3,2,2,0.9867460317460318,0.4007936507936508
2009-01-05,100,9,8,8,0.9529761904761905,0.10317460317460317
2009-01-05,200,26,22,22,0.9406150793650794,0.051587301587301584
2009-02-04,10,0,0,0,1.0,1.0
2009-02-04,50,4,3,3,0.9755158730158731,0.4384920634920635
2009-02-04,100,9,8,8,0.9513095238095238,0.061507936507936505
2009-02-04,200,27,26,25,0.9332539682539682,0.00992063492063492
2009-03-06,10,0,0,0,1.0,1.0
2009-03-06,50,5,4,4,0.9635317460317461,0.35912698412698413
2009-03-06,100,15,14,14,0.9239484126984128,0.01984126984126984
2009-03-06,200,28,27,27,0.9330059523809524,0.01984126984126984
2009-04-06,10,0,0,0,1.0,1.0
2009-04-06,50,5,4,3,0.9769444444444444,0.5218253968253969
2009-04-06,100,8,7,6,0.9682539682539683,0.29365079365079366
2009-04-06,200,28,26,24,0.9398115079365078,0.07539682539682539
2009-05-06,10,0,0,0,1.0,1.0
2009-05-06,50,5,4,4,0.9769444444444444,0.5634920634920635
2009-05-06,100,8,7,7,0.9670039682539682,0.251984126984127
2009-05-06,200,26,25,23,0.9428373015873015,0.03373015873015873
2009-06-05,10,0,0,0,1.0,1.0
2009-06-05,50,5,4,4,0.9769444444444446,0.6051587301587301
2009-06-05,100,8,7,7,0.9657539682539682,0.21031746031746032
2009-06-05,200,23,22,20,0.9504464285714286,0.07341269841269842
2009-07-07,10,0,0,0,1.0,1.0
2009-07-07,50,5,4,4,0.9769444444444444,0.6468253968253969
2009-07-07,100,8,7,7,0.9645039682539682,0.16865079365079366
2009-07-07,200,23,22,21,0.9459126984126985,0.031746031746031744
2009-08-05,10,0,0,0,1.0,1.0
2009-08-05,50,5,4,4,0.9769444444444444,0.6468253968253969
2009-08-05,100,8,7,7,0.968829365079365,0.12698412698412698
2009-08-05,200,20,19,19,0.9507738095238095,0.00992063492063492
2009-09-03,10,0,0,0,1.0,1.0
2009-09-03,50,6,5,5,0.9743650793650795,0.6051587301587301
2009-09-03,100,9,8,8,0.9607142857142859,0.08531746031746032
2009-09-03,200,19,18,18,0.953452380952381,0.08531746031746032
2009-10-05,10,0,0,0,1.0,1.0
2009-10-05,50,6,5,5,0.9743650793650793,0.5634920634920635
2009-10-05,100,8,7,7,0.9682936507936509,0.04365079365079365
2009-10-05,200,18,17,17,0.956061507936508,0.04365079365079365
2009-11-03,10,0,0,0,1.0,1.0
2009-11-03,50,7,6,5,0.9738888888888888,0.5218253968253969
2009-11-03,100,9,8,7,0.9672222222222223,0.001984126984126984
2009-11-03,200,20,19,18,0.9491666666666667,0.001984126984126984
2009-12-03,10,0,0,0,1.0,1.0
2009-12-03,50,7,6,6,0.9730555555555555,0.4801587301587302
2009-12-03,100,8,7,7,0.9841071428571427,0.4801587301587302
2009-12-03,200,16,15,15,0.9628769841269841,0.001984126984126984
2010-01-05,10,0,0,0,1.0,1.0
2010-01-05,50,8,7,6,0.9716666666666666,0.4384920634920635
2010-01-05,100,9,8,7,0.9834126984126983,0.4384920634920635
2010-01-05,200,15,14,13,0.9711011904761904,0.003968253968253968
2010-02-04,10,0,0,0,1.0,1.0
2010-02-04,50,8,7,7,0.9691666666666666,0.3968253968253968
2010-02-04,100,9,8,8,0.9821626984126985,0.3968253968253968
2010-02-04,200,15,13,13,0.9744047619047619,0.04563492063492063
2010-03-08,10,0,0,0,1.0,1.0
2010-03-08,50,7,6,4,0.9688492063492063,0.3551587301587302
2010-03-08,100,10,9,6,0.9806349206349206,0.3551587301587302
2010-03-08,200,16,14,11,0.9725992063492064,0.003968253968253968
2010-04-07,10,0,0,0,1.0,1.0
2010-04-07,50,4,3,3,0.9799603174603174,0.4880952380952381
2010-04-07,100,8,7,7,0.9784920634920635,0.3134920634920635
2010-04-07,200,13,11,11,0.9756746031746033,0.16071428571428573
2010-05-06,10,0,0,0,1.0,1.0
2010-05-06,50,5,4,4,0.9628968253968254,0.2718253968253968
2010-05-06,100,8,7,7,0.9759920634920636,0.2718253968253968
2010-05-06,200,13,11,11,0.9735912698412699,0.11904761904761904
2010-06-07,10,0,0,0,1.0,1.0
2010-06-07,50,6,5,5,0.9548809523809525,0.23015873015873015
2010-06-07,100,8,7,7,0.9734920634920635,0.23015873015873015
2010-06-07,200,14,12,12,0.9692658730158731,0.07738095238095238
2010-07-07,10,0,0,0,1.0,1.0
2010-07-07,50,6,5,5,0.9507142857142857,0.1884920634920635
2010-07-07,100,8,7,7,0.9710515873015874,0.1884920634920635
2010-07-07,200,14,12,11,0.9693948412698412,0.03571428571428571
2010-08-05,10,0,0,0,1.0,1.0
2010-08-05,50,5,4,4,0.9528968253968253,0.14682539682539683
2010-08-05,100,9,8,8,0.9591865079365078,0.021825396825396824
2010-08-05,200,14,12,12,0.9674503968253967,0.021825396825396824
2010-09-03,10,0,0,0,1.0,1.0
2010-09-03,50,5,4,4,0.9495634920634921,0.10515873015873016
2010-09-03,100,9,8,8,0.9575198412698412,0.06349206349206349
2010-09-03,200,14,12,12,0.9657837301587301,0.047619047619047616
2010-10-05,10,0,0,0,1.0,1.0
2010-10-05,50,5,4,4,0.9462301587301587,0.06349206349206349
2010-10-05,100,8,7,7,0.9647619047619047,0.06349206349206349
2010-10-05,200,14,12,12,0.9640972222222223,0.005952380952380952
2010-11-03,10,0,0,0,1.0,1.0
2010-11-03,50,4,3,3,0.9624603174603175,0.19642857142857142
2010-11-03,100,8,7,7,0.9622619047619048,0.021825396825396824
2010-11-03,200,13,11,11,0.9674007936507937,0.021825396825396824
2010-12-03,10,0,0,0,1.0,1.0
2010-12-03,50,6,5,5,0.9387698412698414,0.017857142857142856
2010-12-03,100,8,7,7,0.9605158730158729,0.017857142857142856
2010-12-03,200,12,10,10,0.9702876984126984,0.017857142857142856
2011-01-04,10,0,0,0,1.0,1.0
2011-01-04,50,5,5,5,0.9371825396825397,0.05952380952380952
2011-01-04,100,7,7,7,0.9588888888888889,0.05952380952380952
2011-01-04,200,10,10,10,0.971001984126984,0.05952380952380952
2011-02-03,10,0,0,0,1.0,1.0
2011-02-03,50,5,5,5,0.9321031746031747,0.07142857142857142
2011-02-03,100,8,8,7,0.9551785714285714,0.07142857142857142
2011-02-03,200,11,11,10,0.9693551587301588,0.07142857142857142
2011-03-07,10,0,0,0,1.0,1.0
2011-03-07,50,4,4,4,0.9485714285714286,0.02976190476190476
2011-03-07,100,7,7,7,0.9543452380952381,0.02976190476190476
2011-03-07,200,10,10,10,0.967718253968254,0.027777777777777776
2011-04-05,10,0,0,0,1.0,1.0
2011-04-05,50,3,3,3,0.9678571428571427,0.26785714285714285
2011-04-05,100,6,6,6,0.9635714285714285,0.18452380952380953
2011-04-05,200,10,10,10,0.9677083333333333,0.03373015873015873
2011-05-05,10,0,0,0,1.0,1.0
2011-05-05,50,3,3,3,0.9670238095238095,0.2261904761904762
2011-05-05,100,7,7,6,0.9624206349206349,0.2261904761904762
2011-05-05,200,12,12,10,0.9673809523809525,0.07539682539682539
2011-06-06,10,0,0,0,1.0,1.0
2011-06-06,50,2,2,2,0.9678968253968254,0.18452380952380953
2011-06-06,100,7,7,7,0.9612301587301587,0.18452380952380953
2011-06-06,200,12,12,12,0.9669940476190476,0.11706349206349206
2011-07-06,10,0,0,0,1.0,1.0
2011-07-06,50,3,3,2,0.9664285714285714,0.14285714285714285
2011-07-06,100,7,7,6,0.9604563492063493,0.14285714285714285
2011-07-06,200,11,11,10,0.9710218253968254,0.14285714285714285
2011-08-04,10,0,0,0,1.0,1.0
2011-08-04,50,3,3,3,0.9640476190476189,0.10119047619047619
2011-08-04,100,6,6,6,0.96,0.10119047619047619
2011-08-04,200,10,10,10,0.9707936507936508,0.10119047619047619
2011-09-02,10,0,0,0,1.0,1.0
2011-09-02,50,3,3,3,0.9631349206349205,0.05952380952380952
2011-09-02,100,6,6,6,0.959126984126984,0.05952380952380952
2011-09-02,200,10,10,10,0.9703571428571428,0.05952380952380952
2011-10-04,10,0,0,0,1.0,1.0
2011-10-04,50,4,4,4,0.943452380952381,0.017857142857142856
2011-10-04,100,6,6,6,0.9578769841269841,0.017857142857142856
2011-10-04,200,9,9,9,0.9711408730158729,0.017857142857142856
2011-11-02,10,0,0,0,1.0,1.0
2011-11-02,50,2,2,2,0.9802777777777777,0.29563492063492064
2011-11-02,100,5,5,5,0.9668650793650794,0.057539682539682536
2011-11-02,200,9,9,9,0.9742261904761904,0.057539682539682536
2011-12-02,10,0,0,0,1.0,1.0
2011-12-02,50,1,1,1,0.9859126984126985,0.29563492063492064
2011-12-02,100,5,5,5,0.9660317460317459,0.015873015873015872
2011-12-02,200,9,9,9,0.9738095238095238,0.015873015873015872
2012-01-04,10,0,0,0,1.0,1.0
2012-01-04,50,1,1,1,0.985952380952381,0.2976190476190476
2012-01-04,100,4,4,4,0.9754761904761905,0.05555555555555555
2012-01-04,200,8,8,8,0.9785317460317461,0.05555555555555555
2012-02-03,10,0,0,0,1.0,1.0
2012-02-03,50,1,1,1,0.9867857142857143,0.3392857142857143
2012-02-03,100,4,4,4,0.9754761904761904,0.013888888888888888
2012-02-03,200,8,8,8,0.978531746031746,0.013888888888888888
2012-03-06,10,0,0,0,1.0,1.0
2012-03-06,50,1,1,1,0.9876190476190476,0.38095238095238093
2012-03-06,100,3,3,3,0.9857539682539682,0.38095238095238093
2012-03-06,200,7,7,7,0.9836706349206349,0.15476190476190477
2012-04-04,10,0,0,0,1.0,1.0
2012-04-04,50,1,1,1,0.988452380952381,0.4226190476190476
2012-04-04,100,3,3,3,0.986170634920635,0.4226190476190476
2012-04-04,200,7,7,6,0.9838789682539683,0.1130952380952381
2012-05-04,10,0,0,0,1.0,1.0
2012-05-04,50,1,1,1,0.9892857142857143,0.4642857142857143
2012-05-04,100,3,3,3,0.9865873015873015,0.4642857142857143
2012-05-04,200,7,7,7,0.9791865079365079,0.02976190476190476
2012-06-05,10,0,0,0,1.0,1.0
2012-06-05,50,1,1,1,0.9901190476190476,0.5059523809523809
2012-06-05,100,3,3,3,0.9870039682539682,0.42658730158730157
2012-06-05,200,9,9,8,0.9743452380952381,0.01984126984126984
2012-07-05,10,0,0,0,1.0,1.0
2012-07-05,50,1,1,1,0.990952380952381,0.5476190476190477
2012-07-05,100,3,3,3,0.9862698412698413,0.38492063492063494
2012-07-05,200,8,8,8,0.9796130952380951,0.061507936507936505
2012-08-03,10,0,0,0,1.0,1.0
2012-08-03,50,1,1,1,0.9917857142857143,0.5892857142857143
2012-08-03,100,3,3,3,0.986686507936508,0.34325396825396826
2012-08-03,200,8,8,7,0.9843055555555555,0.15476190476190477
2012-09-04,10,0,0,0,1.0,1.0
2012-09-04,50,1,1,1,0.9926190476190476,0.6309523809523809
2012-09-04,100,4,4,4,0.986031746031746,0.30158730158730157
2012-09-04,200,9,9,8,0.9841567460317461,0.19642857142857142
2012-10-03,10,0,0,0,1.0,1.0
2012-10-03,50,1,1,1,0.993452380952381,0.6726190476190477
2012-10-03,100,4,4,4,0.9868650793650794,0.25992063492063494
2012-10-03,200,11,11,11,0.9772420634920636,0.021825396825396824
2012-11-05,10,0,0,0,1.0,1.0
2012-11-05,50,1,1,1,0.9942857142857143,0.7142857142857143
2012-11-05,100,4,4,3,0.9876984126984126,0.21825396825396826
2012-11-05,200,12,12,11,0.9735912698412699,0.06349206349206349
2012-12-05,10,0,0,0,1.0,1.0
2012-12-05,50,1,1,1,0.9951190476190476,0.7559523809523809
2012-12-05,100,3,3,3,0.9883531746031747,0.1765873015873016
2012-12-05,200,11,11,11,0.9739186507936509,0.10515873015873016
2013-01-07,10,0,0,0,1.0,1.0
2013-01-07,50,1,1,1,0.995952380952381,0.7976190476190477
2013-01-07,100,4,4,4,0.9791071428571427,0.03373015873015873
2013-01-07,200,11,11,11,0.9702777777777777,0.03373015873015873
2013-02-06,10,0,0,0,1.0,1.0
2013-02-06,50,1,1,1,0.9967857142857143,0.8392857142857143
2013-02-06,100,6,6,5,0.9675198412698413,0.07539682539682539
2013-02-06,200,11,11,10,0.9709027777777779,0.07539682539682539
2013-03-08,10,0,0,0,1.0,1.0
2013-03-08,50,1,1,1,0.9976190476190476,0.8809523809523809
2013-03-08,100,5,5,5,0.9689087301587301,0.051587301587301584
2013-03-08,200,10,10,10,0.9713888888888889,0.0496031746031746
2013-04-09,10,0,0,0,1.0,1.0
2013-04-09,50,2,2,2,0.981626984126984,0.15873015873015872
2013-04-09,100,5,5,5,0.9701587301587301,0.00992063492063492
2013-04-09,200,10,10,10,0.9718055555555556,0.007936507936507936
2013-05-08,10,0,0,0,1.0,1.0
2013-05-08,50,2,2,1,0.9832936507936509,0.2003968253968254
2013-05-08,100,3,3,2,0.9864285714285714,0.2003968253968254
2013-05-08,200,9,9,8,0.9788492063492064,0.2003968253968254
2013-06-07,10,0,0,0,1.0,1.0
2013-06-07,50,1,1,1,0.9848412698412699,0.24206349206349206
2013-06-07,100,3,3,3,0.9833333333333333,0.24206349206349206
2013-06-07,200,8,8,7,0.9798313492063493,0.24206349206349206
2013-07-09,10,0,0,0,1.0,1.0
2013-07-09,50,1,1,1,0.9856746031746032,0.2837301587301587
2013-07-09,100,2,2,2,0.988452380952381,0.2837301587301587
2013-07-09,200,9,9,8,0.9751984126984127,0.0
2013-08-07,10,0,0,0,1.0,1.0
2013-08-07,50,1,1,1,0.9865079365079364,0.3253968253968254
2013-08-07,100,2,2,2,0.9892857142857142,0.3253968253968254
2013-08-07,200,9,9,9,0.9754166666666666,0.03373015873015873
2013-09-06,10,0,0,0,1.0,1.0
2013-09-06,50,1,1,1,0.9928968253968253,0.6448412698412699
2013-09-06,100,2,2,2,0.9901190476190476,0.36706349206349204
2013-09-06,200,9,9,9,0.975625,0.03373015873015873
2013-10-07,10,0,0,0,1.0,1.0
2013-10-07,50,2,2,2,0.981904761904762,0.4087301587301587
2013-10-07,100,2,2,2,0.990952380952381,0.4087301587301587
2013-10-07,200,9,9,9,0.9758333333333334,0.03373015873015873
2013-11-05,10,0,0,0,1.0,1.0
2013-11-05,50,2,2,2,0.9835714285714287,0.4503968253968254
2013-11-05,100,2,2,2,0.9917857142857143,0.4503968253968254
2013-11-05,200,8,7,7,0.9830158730158729,0.03373015873015873
2013-12-05,10,0,0,0,1.0,1.0
2013-12-05,50,2,2,2,0.9852380952380951,0.49206349206349204
2013-12-05,100,2,2,2,0.9926190476190476,0.49206349206349204
2013-12-05,200,10,10,8,0.9782242063492064,0.03571428571428571
2014-01-07,10,0,0,0,1.0,1.0
2014-01-07,50,2,2,2,0.986904761904762,0.5337301587301587
2014-01-07,100,3,3,3,0.9920833333333333,0.5337301587301587
2014-01-07,200,9,9,9,0.9790575396825397,0.07738095238095238
2014-02-06,10,0,0,0,1.0,1.0
2014-02-06,50,2,2,2,0.9885714285714287,0.5753968253968254
2014-02-06,100,2,2,2,0.9942857142857142,0.5753968253968254
2014-02-06,200,11,11,10,0.9748611111111112,0.07738095238095238
2014-03-10,10,0,0,0,1.0,1.0
2014-03-10,50,2,2,2,0.9902380952380951,0.6170634920634921
2014-03-10,100,2,2,2,0.9951190476190476,0.6170634920634921
2014-03-10,200,8,8,7,0.9828373015873015,0.09523809523809523
2014-04-08,10,0,0,0,1.0,1.0
2014-04-08,50,3,3,3,0.971984126984127,0.003968253968253968
2014-04-08,100,3,3,3,0.9859920634920636,0.003968253968253968
2014-04-08,200,9,9,8,0.9780257936507937,0.003968253968253968
2014-05-08,10,0,0,0,1.0,1.0
2014-05-08,50,3,3,2,0.9744841269841271,0.04563492063492063
2014-05-08,100,3,3,2,0.9872420634920636,0.04563492063492063
2014-05-08,200,9,9,7,0.9785019841269842,0.011904761904761904
2014-06-09,10,0,0,0,1.0,1.0
2014-06-09,50,2,2,2,0.9765873015873016,0.0873015873015873
2014-06-09,100,2,2,2,0.988293650793651,0.0873015873015873
2014-06-09,200,6,6,5,0.9858829365079366,0.0873015873015873
2014-07-09,10,0,0,0,1.0,1.0
2014-07-09,50,2,2,2,0.9782539682539683,0.12896825396825398
2014-07-09,100,2,2,2,0.9891269841269841,0.12896825396825398
2014-07-09,200,7,6,5,0.9868849206349206,0.12896825396825398
2014-08-07,10,0,0,0,1.0,1.0
2014-08-07,50,2,2,2,0.979920634920635,0.17063492063492064
2014-08-07,100,2,2,2,0.9899603174603174,0.17063492063492064
2014-08-07,200,8,8,6,0.9845238095238095,0.17063492063492064
2014-09-08,10,0,0,0,1.0,1.0
2014-09-08,50,2,2,2,0.9815873015873017,0.2123015873015873
2014-09-08,100,2,2,2,0.9907936507936509,0.2123015873015873
2014-09-08,200,8,8,6,0.9853571428571429,0.2123015873015873
2014-10-07,10,0,0,0,1.0,1.0
2014-10-07,50,2,2,2,0.9832539682539683,0.25396825396825395
2014-10-07,100,2,2,2,0.991626984126984,0.25396825396825395
2014-10-07,200,7,7,6,0.9860813492063492,0.25396825396825395
2014-11-05,10,0,0,0,1.0,1.0
2014-11-05,50,2,2,1,0.984920634920635,0.29563492063492064
2014-11-05,100,2,2,1,0.9924603174603175,0.29563492063492064
2014-11-05,200,7,7,5,0.9867261904761905,0.29563492063492064
2014-12-05,10,0,0,0,1.0,1.0
2014-12-05,50,2,1,1,0.9865873015873017,0.3373015873015873
2014-12-05,100,2,1,1,0.993293650793651,0.3373015873015873
2014-12-05,200,6,4,4,0.989811507936508,0.3373015873015873
2015-01-07,10,0,0,0,1.0,1.0
2015-01-07,50,1,1,1,0.9875793650793651,0.37896825396825395
2015-01-07,100,1,1,1,0.9937896825396826,0.37896825396825395
2015-01-07,200,5,5,5,0.9898511904761905,0.36507936507936506
2015-02-06,10,0,0,0,1.0,1.0
2015-02-06,50,1,1,1,0.9884126984126985,0.42063492063492064
2015-02-06,100,1,1,1,0.9942063492063492,0.42063492063492064
2015-02-06,200,6,6,5,0.9897718253968253,0.36507936507936506
2015-03-10,10,0,0,0,1.0,1.0
2015-03-10,50,1,1,1,0.9892460317460318,0.4623015873015873
2015-03-10,100,1,1,1,0.9946230158730159,0.4623015873015873
2015-03-10,200,7,7,7,0.9876388888888888,0.36507936507936506
2015-04-09,10,0,0,0,1.0,1.0
2015-04-09,50,1,1,1,0.9900793650793651,0.503968253968254
2015-04-09,100,2,2,1,0.9947222222222223,0.503968253968254
2015-04-09,200,8,8,7,0.9878968253968254,0.36507936507936506
2015-05-08,10,0,0,0,1.0,1.0
2015-05-08,50,1,1,1,0.9909126984126985,0.5456349206349206
2015-05-08,100,2,2,2,0.9947222222222223,0.5456349206349206
2015-05-08,200,7,7,7,0.9893849206349207,0.36507936507936506
2015-06-09,10,0,0,0,1.0,1.0
2015-06-09,50,1,1,1,0.9917460317460318,0.5873015873015873
2015-06-09,100,2,2,2,0.9947222222222223,0.5873015873015873
2015-06-09,200,7,7,7,0.9893849206349207,0.36507936507936506
2015-07-09,10,0,0,0,1.0,1.0
2015-07-09,50,1,1,1,0.9925793650793651,0.628968253968254
2015-07-09,100,3,3,3,0.9847619047619048,0.003968253968253968
2015-07-09,200,9,9,9,0.9779861111111111,0.003968253968253968
2015-08-07,10,1,1,1,0.9670634920634921,0.6706349206349206
2015-08-07,50,2,2,2,0.9743253968253969,0.04563492063492063
2015-08-07,100,3,3,3,0.9851785714285713,0.04563492063492063
2015-08-07,200,9,9,9,0.9781051587301587,0.04563492063492063
2015-09-08,10,1,1,1,0.9712301587301587,0.7123015873015873
2015-09-08,50,1,1,1,0.9942460317460318,0.7123015873015873
2015-09-08,100,5,5,4,0.9821825396825398,0.0873015873015873
2015-09-08,200,12,12,11,0.9748015873015874,0.0873015873015873
2015-10-07,10,1,1,1,0.9753968253968253,0.753968253968254
2015-10-07,50,1,1,1,0.995079365079365,0.753968253968254
2015-10-07,100,4,4,4,0.9852579365079365,0.12896825396825398
2015-10-07,200,13,13,12,0.9743849206349207,0.12896825396825398
2015-11-05,10,1,1,1,0.9795634920634921,0.7956349206349206
2015-11-05,50,1,1,1,0.9959126984126985,0.7956349206349206
2015-11-05,100,4,4,4,0.9852579365079366,0.17063492063492064
2015-11-05,200,11,11,10,0.9768154761904762,0.17063492063492064
2015-12-07,10,1,1,1,0.9837301587301587,0.8373015873015873
2015-12-07,50,1,1,1,0.9967460317460318,0.8373015873015873
2015-12-07,100,5,5,5,0.9809325396825396,0.2123015873015873
2015-12-07,200,12,11,11,0.9747420634920636,0.2123015873015873
2016-01-07,10,1,1,1,0.9878968253968253,0.878968253968254
2016-01-07,50,2,2,2,0.9826587301587302,0.25396825396825395
2016-01-07,100,4,4,4,0.9852579365079365,0.25396825396825395
2016-01-07,200,13,13,13,0.9660813492063491,0.10714285714285714
2016-02-08,10,1,1,1,0.9920634920634921,0.9206349206349206
2016-02-08,50,2,2,2,0.9843253968253969,0.29563492063492064
2016-02-08,100,6,6,6,0.9780158730158729,0.29563492063492064
2016-02-08,200,13,13,12,0.969563492063492,0.2003968253968254
2016-03-09,10,1,1,0,0.9962301587301587,0.9623015873015873
2016-03-09,50,2,2,1,0.9859920634920636,0.3373015873015873
2016-03-09,100,5,5,4,0.9796825396825396,0.3373015873015873
2016-03-09,200,14,14,13,0.9644742063492063,0.15873015873015872
2016-04-08,10,0,0,0,1.0,1.0
2016-04-08,50,1,1,1,0.9875793650793651,0.37896825396825395
2016-04-08,100,3,3,3,0.9852182539682539,0.37896825396825395
2016-04-08,200,14,14,12,0.9653075396825398,0.11706349206349206
2016-05-09,10,0,0,0,1.0,1.0
2016-05-09,50,1,1,1,0.9884126984126985,0.42063492063492064
2016-05-09,100,4,4,4,0.9783928571428572,0.35912698412698413
2016-05-09,200,14,14,14,0.9640575396825397,0.07539682539682539
2016-06-08,10,0,0,0,1.0,1.0
2016-06-08,50,1,1,1,0.9892460317460318,0.4623015873015873
2016-06-08,100,4,4,3,0.984107142857143,0.38492063492063494
2016-06-08,200,14,14,13,0.9674702380952382,0.07539682539682539
2016-07-08,10,0,0,0,1.0,1.0
2016-07-08,50,1,1,1,0.9900793650793651,0.503968253968254
2016-07-08,100,4,4,4,0.9832738095238095,0.34325396825396826
2016-07-08,200,14,14,14,0.9660119047619048,0.03373015873015873
2016-08-08,10,0,0,0,1.0,1.0
2016-08-08,50,1,1,1,0.9909126984126985,0.5456349206349206
2016-08-08,100,4,4,4,0.9824404761904763,0.30158730158730157
2016-08-08,200,13,13,13,0.9695932539682539,0.15674603174603174
2016-09-07,10,0,0,0,1.0,1.0
2016-09-07,50,1,1,1,0.9917460317460318,0.5873015873015873
2016-09-07,100,4,4,4,0.9816071428571428,0.25992063492063494
2016-09-07,200,14,13,13,0.9683333333333333,0.11507936507936507
2016-10-06,10,0,0,0,1.0,1.0
2016-10-06,50,1,1,1,0.9925793650793651,0.628968253968254
2016-10-06,100,5,5,4,0.9803571428571429,0.21825396825396826
2016-10-06,200,15,15,13,0.9666666666666666,0.07341269841269842
2016-11-04,10,0,0,0,1.0,1.0
2016-11-04,50,1,1,1,0.9934126984126985,0.6706349206349206
2016-11-04,100,5,5,5,0.9791071428571427,0.1765873015873016
2016-11-04,200,15,15,15,0.965,0.031746031746031744
2016-12-06,10,0,0,0,1.0,1.0
2016-12-06,50,1,1,1,0.9942460317460318,0.7123015873015873
2016-12-06,100,4,4,4,0.9844444444444445,0.1349206349206349
2016-12-06,200,14,14,14,0.9656448412698413,0.005952380952380952
2017-01-06,10,0,0,0,1.0,1.0
2017-01-06,50,1,1,1,0.995079365079365,0.753968253968254
2017-01-06,100,4,4,4,0.9836111111111111,0.09325396825396826
2017-01-06,200,13,13,13,0.9654464285714286,0.025793650793650792
2017-02-07,10,0,0,0,1.0,1.0
2017-02-07,50,1,1,1,0.9959126984126985,0.7956349206349206
2017-02-07,100,4,4,4,0.9827777777777779,0.051587301587301584
2017-02-07,200,12,12,12,0.9696924603174603,0.051587301587301584
2017-03-09,10,0,0,0,1.0,1.0
2017-03-09,50,1,1,1,0.9967460317460318,0.8373015873015873
2017-03-09,100,4,4,4,0.9819444444444444,0.00992063492063492
2017-03-09,200,12,12,12,0.9690674603174603,0.00992063492063492
2017-04-07,10,0,0,0,1.0,1.0
2017-04-07,50,1,1,1,0.9975793650793651,0.878968253968254
2017-04-07,100,3,3,3,0.9914285714285714,0.5555555555555556
2017-04-07,200,10,10,10,0.9749404761904762,0.17261904761904762
2017-05-09,10,0,0,0,1.0,1.0
2017-05-09,50,1,1,1,0.9984126984126985,0.9206349206349206
2017-05-09,100,3,3,3,0.9935515873015873,0.5138888888888888
2017-05-09,200,11,11,11,0.9731845238095238,0.13293650793650794
2017-06-08,10,0,0,0,1.0,1.0
2017-06-08,50,1,1,0,0.9992460317460318,0.9623015873015873
2017-06-08,100,4,4,2,0.9902182539682539,0.4722222222222222
2017-06-08,200,9,9,7,0.9762698412698413,0.09126984126984126
2017-07-10,10,0,0,0,1.0,1.0
2017-07-10,50,0,0,0,1.0,1.0
2017-07-10,100,1,1,1,0.9943055555555556,0.4305555555555556
2017-07-10,200,7,7,7,0.9756051587301587,0.0496031746031746
2017-08-08,10,0,0,0,1.0,1.0
2017-08-08,50,0,0,0,1.0,1.0
2017-08-08,100,2,2,1,0.9936904761904762,0.3888888888888889
2017-08-08,200,7,7,6,0.9777678571428572,0.007936507936507936
2017-09-07,10,0,0,0,1.0,1.0
2017-09-07,50,1,1,1,0.9800793650793651,0.003968253968253968
2017-09-07,100,5,3,3,0.9828174603174604,0.003968253968253968
2017-09-07,200,9,7,7,0.9781349206349206,0.003968253968253968
2017-10-06,10,0,0,0,1.0,1.0
2017-10-06,50,1,1,1,0.9809126984126985,0.04563492063492063
2017-10-06,100,4,4,2,0.9885119047619049,0.04563492063492063
2017-10-06,200,6,6,4,0.9880753968253968,0.04563492063492063
2017-11-06,10,0,0,0,1.0,1.0
2017-11-06,50,1,1,1,0.9817460317460318,0.0873015873015873
2017-11-06,100,4,4,4,0.9876785714285714,0.0873015873015873
2017-11-06,200,6,6,6,0.9872420634920636,0.0873015873015873
2017-12-06,10,0,0,0,1.0,1.0
2017-12-06,50,1,1,1,0.982579365079365,0.12896825396825398
2017-12-06,100,4,4,4,0.986845238095238,0.12896825396825398
2017-12-06,200,6,6,6,0.9864087301587301,0.12896825396825398
2018-01-08,10,0,0,0,1.0,1.0
2018-01-08,50,1,1,1,0.9834126984126985,0.17063492063492064
2018-01-08,100,4,4,4,0.9860119047619048,0.17063492063492064
2018-01-08,200,6,6,6,0.9855753968253969,0.17063492063492064
2018-02-07,10,0,0,0,1.0,1.0
2018-02-07,50,1,1,1,0.9842460317460318,0.2123015873015873
2018-02-07,100,4,4,4,0.9851785714285713,0.2123015873015873
2018-02-07,200,6,6,6,0.9847420634920635,0.1388888888888889
2018-03-09,10,0,0,0,1.0,1.0
2018-03-09,50,1,1,1,0.9850793650793651,0.25396825396825395
2018-03-09,100,4,4,4,0.9843452380952381,0.25396825396825395
2018-03-09,200,6,6,6,0.9839087301587301,0.09722222222222222
2018-04-10,10,0,0,0,1.0,1.0
2018-04-10,50,1,1,1,0.9859126984126985,0.29563492063492064
2018-04-10,100,4,4,4,0.9835119047619049,0.29563492063492064
2018-04-10,200,6,6,6,0.9830753968253968,0.05555555555555555
2018-05-09,10,0,0,0,1.0,1.0
2018-05-09,50,1,1,1,0.9867460317460318,0.3373015873015873
2018-05-09,100,4,4,4,0.9826785714285714,0.3373015873015873
2018-05-09,200,6,6,6,0.9822420634920636,0.013888888888888888
2018-06-08,10,0,0,0,1.0,1.0
2018-06-08,50,1,1,1,0.9875793650793651,0.37896825396825395
2018-06-08,100,4,4,4,0.981845238095238,0.37896825396825395
2018-06-08,200,6,5,5,0.9865376984126984,0.125
2018-07-10,10,0,0,0,1.0,1.0
2018-07-10,50,1,1,1,0.9884126984126985,0.42063492063492064
2018-07-10,100,5,5,4,0.9806944444444445,0.42063492063492064
2018-07-10,200,7,7,5,0.985545634920635,0.08333333333333333
2018-08-08,10,0,0,0,1.0,1.0
2018-08-08,50,1,1,1,0.9892460317460318,0.4623015873015873
2018-08-08,100,5,5,5,0.9794444444444445,0.4623015873015873
2018-08-08,200,7,7,7,0.9845039682539682,0.041666666666666664
2018-09-07,10,0,0,0,1.0,1.0
2018-09-07,50,1,1,1,0.9900793650793651,0.503968253968254
2018-09-07,100,5,5,5,0.9781944444444445,0.4384920634920635
2018-09-07,200,7,7,6,0.988293650793651,0.4384920634920635
2018-10-08,10,0,0,0,1.0,1.0
2018-10-08,50,1,1,1,0.9909126984126985,0.5456349206349206
2018-10-08,100,5,5,5,0.9769444444444444,0.3968253968253968
2018-10-08,200,7,7,7,0.987251984126984,0.3968253968253968
2018-11-06,10,0,0,0,1.0,1.0
2018-11-06,50,1,1,1,0.9917460317460318,0.5873015873015873
2018-11-06,100,5,5,5,0.9756944444444445,0.3551587301587302
2018-11-06,200,8,7,7,0.986170634920635,0.3551587301587302
2018-12-07,10,0,0,0,1.0,1.0
2018-12-07,50,1,1,1,0.9925793650793651,0.628968253968254
2018-12-07,100,6,5,5,0.9743650793650793,0.3134920634920635
2018-12-07,200,9,8,7,0.9848809523809524,0.3134920634920635
2019-01-09,10,0,0,0,1.0,1.0
2019-01-09,50,1,1,1,0.9934126984126985,0.6706349206349206
2019-01-09,100,6,6,5,0.9726984126984126,0.2718253968253968
2019-01-09,200,10,10,8,0.9833134920634921,0.2718253968253968
2019-02-08,10,0,0,0,1.0,1.0
2019-02-08,50,1,1,1,0.9942460317460318,0.7123015873015873
2019-02-08,100,6,6,6,0.9710317460317461,0.23015873015873015
2019-02-08,200,10,10,10,0.9816468253968255,0.23015873015873015
2019-03-12,10,0,0,0,1.0,1.0
2019-03-12,50,1,1,1,0.995079365079365,0.753968253968254
2019-03-12,100,6,6,6,0.9693650793650793,0.1884920634920635
2019-03-12,200,10,10,10,0.9799801587301588,0.1884920634920635
2019-04-10,10,0,0,0,1.0,1.0
2019-04-10,50,0,0,0,1.0,1.0
2019-04-10,100,6,6,6,0.9676984126984126,0.14682539682539683
2019-04-10,200,11,11,11,0.9734523809523808,0.027777777777777776
2019-05-10,10,0,0,0,1.0,1.0
2019-05-10,50,0,0,0,1.0,1.0
2019-05-10,100,6,6,6,0.9660317460317461,0.10515873015873016
2019-05-10,200,13,13,11,0.9718452380952382,0.06944444444444445
2019-06-11,10,0,0,0,1.0,1.0
2019-06-11,50,0,0,0,1.0,1.0
2019-06-11,100,6,6,6,0.9559722222222223,0.03968253968253968
2019-06-11,200,14,14,14,0.9651686507936509,0.03968253968253968
2019-07-11,10,0,0,0,1.0,1.0
2019-07-11,50,0,0,0,1.0,1.0
2019-07-11,100,6,6,6,0.9543055555555555,0.021825396825396824
2019-07-11,200,13,13,13,0.9677380952380952,0.021825396825396824
2019-08-09,10,0,0,0,1.0,1.0
2019-08-09,50,0,0,0,1.0,1.0
2019-08-09,100,5,5,5,0.9628373015873015,0.037698412698412696
2019-08-09,200,13,13,11,0.9708928571428571,0.037698412698412696
2019-09-10,10,0,0,0,1.0,1.0
2019-09-10,50,0,0,0,1.0,1.0
2019-09-10,100,2,2,2,0.9900198412698412,0.38492063492063494
2019-09-10,200,10,10,10,0.9790376984126985,0.16468253968253968
2019-10-09,10,0,0,0,1.0,1.0
2019-10-09,50,0,0,0,1.0,1.0
2019-10-09,100,2,2,2,0.9891865079365079,0.34325396825396826
2019-10-09,200,11,11,11,0.9769543650793651,0.20634920634920634
2019-11-07,10,0,0,0,1.0,1.0
2019-11-07,50,0,0,0,1.0,1.0
2019-11-07,100,2,2,2,0.9883531746031747,0.30158730158730157
2019-11-07,200,10,10,10,0.9736309523809524,0.24801587301587302
2019-12-09,10,0,0,0,1.0,1.0
2019-12-09,50,0,0,0,1.0,1.0
2019-12-09,100,3,3,2,0.9873015873015873,0.25992063492063494
2019-12-09,200,11,11,10,0.9722718253968254,0.24801587301587302
2020-01-09,10,0,0,0,1.0,1.0
2020-01-09,50,0,0,0,1.0,1.0
2020-01-09,100,2,2,2,0.991547619047619,0.21825396825396826
2020-01-09,200,11,11,11,0.970813492063492,0.20634920634920634
2020-02-10,10,0,0,0,1.0,1.0
2020-02-10,50,0,0,0,1.0,1.0
2020-02-10,100,2,2,2,0.9907142857142857,0.1765873015873016
2020-02-10,200,10,10,10,0.9721329365079364,0.16468253968253968
2020-03-11,10,0,0,0,1.0,1.0
2020-03-11,50,0,0,0,1.0,1.0
2020-03-11,100,3,3,3,0.9835515873015873,0.1349206349206349
2020-03-11,200,13,13,13,0.9623313492063492,0.09722222222222222
2020-04-09,10,0,0,0,1.0,1.0
2020-04-09,50,0,0,0,1.0,1.0
2020-04-09,100,3,3,3,0.9823015873015873,0.09325396825396826
2020-04-09,200,15,14,14,0.9584722222222223,0.08134920634920635
2020-05-11,10,0,0,0,1.0,1.0
2020-05-11,50,0,0,0,1.0,1.0
2020-05-11,100,3,3,3,0.9810515873015874,0.051587301587301584
2020-05-11,200,13,13,13,0.9583134920634921,0.03968253968253968
2020-06-10,10,0,0,0,1.0,1.0
2020-06-10,50,0,0,0,1.0,1.0
2020-06-10,100,3,3,3,0.9798015873015874,0.00992063492063492
2020-06-10,200,12,12,11,0.9653373015873017,0.00992063492063492
2020-07-10,10,0,0,0,1.0,1.0
2020-07-10,50,0,0,0,1.0,1.0
2020-07-10,100,2,2,2,0.9888690476190476,0.2003968253968254
2020-07-10,200,13,13,13,0.962172619047619,0.0496031746031746
2020-08-10,10,0,0,0,1.0,1.0
2020-08-10,50,0,0,0,1.0,1.0
2020-08-10,100,2,2,2,0.9880357142857144,0.15873015873015872
2020-08-10,200,12,11,11,0.9673214285714287,0.007936507936507936
2020-09-09,10,0,0,0,1.0,1.0
2020-09-09,50,0,0,0,1.0,1.0
2020-09-09,100,3,3,3,0.9841468253968254,0.11706349206349206
2020-09-09,200,12,12,12,0.9681150793650793,0.07539682539682539
2020-10-08,10,0,0,0,1.0,1.0
2020-10-08,50,0,0,0,1.0,1.0
2020-10-08,100,2,2,2,0.9929761904761905,0.5615079365079365
2020-10-08,200,11,11,11,0.9694146825396825,0.03373015873015873
2020-11-06,10,0,0,0,1.0,1.0
2020-11-06,50,0,0,0,1.0,1.0
2020-11-06,100,3,3,3,0.9904563492063493,0.5198412698412699
2020-11-06,200,11,11,11,0.9724404761904762,0.03373015873015873
2020-12-08,10,0,0,0,1.0,1.0
2020-12-08,50,0,0,0,1.0,1.0
2020-12-08,100,3,3,3,0.9952579365079365,0.7896825396825397
2020-12-08,200,11,10,10,0.9757142857142856,0.01984126984126984
2021-01-08,10,0,0,0,1.0,1.0
2021-01-08,50,0,0,0,1.0,1.0
2021-01-08,100,2,2,2,0.9974801587301587,0.8313492063492064
2021-01-08,200,8,8,8,0.9879265873015873,0.037698412698412696
2021-02-09,10,0,0,0,1.0,1.0
2021-02-09,50,0,0,0,1.0,1.0
2021-02-09,100,3,3,3,0.9969246031746031,0.873015873015873
2021-02-09,200,9,9,7,0.9845138888888889,0.07936507936507936
2021-03-11,10,0,0,0,1.0,1.0
2021-03-11,50,0,0,0,1.0,1.0
2021-03-11,100,2,2,2,0.9983134920634921,0.9146825396825397
2021-03-11,200,9,9,7,0.9855853174603175,0.21825396825396826
2021-04-12,10,0,0,0,1.0,1.0
2021-04-12,50,0,0,0,1.0,1.0
2021-04-12,100,2,2,1,0.9987301587301587,0.9166666666666666
2021-04-12,200,9,9,5,0.9849007936507936,0.03968253968253968
2021-05-11,10,0,0,0,1.0,1.0
2021-05-11,50,0,0,0,1.0,1.0
2021-05-11,100,1,1,1,0.9991666666666665,0.9166666666666666
2021-05-11,200,7,6,5,0.9852480158730158,0.08134920634920635
2021-06-10,10,0,0,0,1.0,1.0
2021-06-10,50,0,0,0,1.0,1.0
2021-06-10,100,1,1,1,0.9991666666666665,0.9166666666666666
2021-06-10,200,7,7,6,0.9808829365079365,0.12301587301587301
2021-07-12,10,0,0,0,1.0,1.0
2021-07-12,50,0,0,0,1.0,1.0
2021-07-12,100,1,1,1,0.9991666666666665,0.9166666666666666
2021-07-12,200,7,7,6,0.9816964285714286,0.16468253968253968
2021-08-10,10,0,0,0,1.0,1.0
2021-08-10,50,0,0,0,1.0,1.0
2021-08-10,100,1,1,1,0.9991666666666665,0.9166666666666666
2021-08-10,200,8,8,7,0.9785416666666665,0.14484126984126985
2021-09-09,10,0,0,0,1.0,1.0
2021-09-09,50,0,0,0,1.0,1.0
2021-09-09,100,2,2,2,0.994047619047619,0.4880952380952381
2021-09-09,200,7,7,6,0.982718253968254,0.10317460317460317
2021-10-08,10,0,0,0,1.0,1.0
2021-10-08,50,0,0,0,1.0,1.0
2021-10-08,100,2,2,2,0.9944642857142857,0.5297619047619048
2021-10-08,200,7,7,6,0.9829265873015873,0.061507936507936505
2021-11-08,10,0,0,0,1.0,1.0
2021-11-08,50,0,0,0,1.0,1.0
2021-11-08,100,2,2,2,0.9948809523809524,0.5714285714285714
2021-11-08,200,8,8,7,0.9809722222222222,0.01984126984126984
2021-12-08,10,0,0,0,1.0,1.0
2021-12-08,50,0,0,0,1.0,1.0
2021-12-08,100,3,3,3,0.9856547619047619,0.03571428571428571
2021-12-08,200,8,8,7,0.9810714285714286,0.03571428571428571
2022-01-07,10,0,0,0,1.0,1.0
2022-01-07,50,0,0,0,1.0,1.0
2022-01-07,100,2,2,1,0.9987698412698411,0.9166666666666666
2022-01-07,200,7,7,6,0.9848214285714286,0.07738095238095238
2022-02-08,10,0,0,0,1.0,1.0
2022-02-08,50,0,0,0,1.0,1.0
2022-02-08,100,1,1,1,0.9991666666666665,0.9166666666666666
2022-02-08,200,6,6,5,0.986984126984127,0.11904761904761904
2022-03-10,10,0,0,0,1.0,1.0
2022-03-10,50,0,0,0,1.0,1.0
2022-03-10,100,1,1,1,0.9991666666666665,0.9166666666666666
2022-03-10,200,6,6,4,0.9914285714285714,0.08531746031746032
2022-04-08,10,0,0,0,1.0,1.0
2022-04-08,50,0,0,0,1.0,1.0
2022-04-08,100,1,1,1,0.9991666666666665,0.9166666666666666
2022-04-08,200,5,5,4,0.9918055555555556,0.04365079365079365
2022-05-10,10,0,0,0,1.0,1.0
2022-05-10,50,0,0,0,1.0,1.0
2022-05-10,100,1,1,1,0.9991666666666668,0.9166666666666666
2022-05-10,200,6,6,5,0.9914880952380952,0.001984126984126984
2022-06-09,10,0,0,0,1.0,1.0
2022-06-09,50,0,0,0,1.0,1.0
2022-06-09,100,1,1,1,0.9991666666666668,0.9166666666666666
2022-06-09,200,3,3,3,0.9975099206349206,0.7440476190476191
2022-07-12,10,0,0,0,1.0,1.0
2022-07-12,50,0,0,0,1.0,1.0
2022-07-12,100,0,0,0,1.0,1.0
2022-07-12,200,4,4,4,0.9971924603174602,0.7996031746031746
2022-08-10,10,0,0,0,1.0,1.0
2022-08-10,50,0,0,0,1.0,1.0
2022-08-10,100,1,1,1,0.999265873015873,0.9265873015873016
2022-08-10,200,4,4,4,0.9972916666666667,0.7579365079365079
2022-09-09,10,0,0,0,1.0,1.0
2022-09-09,50,0,0,0,1.0,1.0
2022-09-09,100,1,1,0,0.9996825396825396,0.9682539682539683
2022-09-09,200,4,4,2,0.9977083333333333,0.7162698412698413
2022-10-10,10,0,0,0,1.0,1.0
2022-10-10,50,0,0,0,1.0,1.0
2022-10-10,100,0,0,0,1.0,1.0
2022-10-10,200,3,3,3,0.9963888888888889,0.6746031746031746
2022-11-08,10,0,0,0,1.0,1.0
2022-11-08,50,0,0,0,1.0,1.0
2022-11-08,100,0,0,0,1.0,1.0
2022-11-08,200,1,1,1,0.9981646825396825,0.6329365079365079
2022-12-08,10,0,0,0,1.0,1.0
2022-12-08,50,0,0,0,1.0,1.0
2022-12-08,100,0,0,0,1.0,1.0
2022-12-08,200,1,1,1,0.9979563492063492,0.5912698412698413
2023-01-10,10,0,0,0,1.0,1.0
2023-01-10,50,0,0,0,1.0,1.0
2023-01-10,100,0,0,0,1.0,1.0
2023-01-10,200,1,1,1,0.997748015873016,0.5496031746031746
2023-02-09,10,0,0,0,1.0,1.0
2023-02-09,50,0,0,0,1.0,1.0
2023-02-09,100,0,0,0,1.0,1.0
2023-02-09,200,1,1,1,0.9975396825396825,0.5079365079365079
2023-03-13,10,0,0,0,1.0,1.0
2023-03-13,50,0,0,0,1.0,1.0
2023-03-13,100,0,0,0,1.0,1.0
2023-03-13,200,2,1,1,0.9973214285714286,0.4662698412698413
2023-04-12,10,0,0,0,1.0,1.0
2023-04-12,50,0,0,0,1.0,1.0
2023-04-12,100,0,0,0,1.0,1.0
2023-04-12,200,2,1,1,0.9971130952380952,0.4246031746031746
2023-05-11,10,0,0,0,1.0,1.0
2023-05-11,50,0,0,0,1.0,1.0
2023-05-11,100,0,0,0,1.0,1.0
2023-05-11,200,3,2,2,0.9919444444444444,0.007936507936507936
2023-06-12,10,0,0,0,1.0,1.0
2023-06-12,50,0,0,0,1.0,1.0
2023-06-12,100,0,0,0,1.0,1.0
2023-06-12,200,3,2,2,0.9919444444444444,0.0496031746031746
2023-07-13,10,0,0,0,1.0,1.0
2023-07-13,50,0,0,0,1.0,1.0
2023-07-13,100,0,0,0,1.0,1.0
2023-07-13,200,3,2,2,0.9919444444444444,0.09126984126984126
2023-08-11,10,0,0,0,1.0,1.0
2023-08-11,50,0,0,0,1.0,1.0
2023-08-11,100,0,0,0,1.0,1.0
2023-08-11,200,2,1,1,0.9962797619047619,0.25793650793650796
2023-09-12,10,0,0,0,1.0,1.0
2023-09-12,50,0,0,0,1.0,1.0
2023-09-12,100,0,0,0,1.0,1.0
2023-09-12,200,2,1,1,0.9960714285714286,0.21626984126984128
2023-10-11,10,0,0,0,1.0,1.0
2023-10-11,50,0,0,0,1.0,1.0
2023-10-11,100,0,0,0,1.0,1.0
2023-10-11,200,2,1,1,0.9958630952380951,0.1746031746031746
2023-11-09,10,0,0,0,1.0,1.0
2023-11-09,50,0,0,0,1.0,1.0
2023-11-09,100,0,0,0,1.0,1.0
2023-11-09,200,3,2,1,0.9954662698412698,0.13293650793650794
2023-12-11,10,0,0,0,1.0,1.0
2023-12-11,50,0,0,0,1.0,1.0
2023-12-11,100,0,0,0,1.0,1.0
2023-12-11,200,3,2,1,0.9994742063492064,0.9206349206349206
2024-01-11,10,0,0,0,1.0,1.0
2024-01-11,50,0,0,0,1.0,1.0
2024-01-11,100,0,0,0,1.0,1.0
2024-01-11,200,3,2,2,0.9990575396825397,0.878968253968254
2024-02-12,10,0,0,0,1.0,1.0
2024-02-12,50,0,0,0,1.0,1.0
2024-02-12,100,0,0,0,1.0,1.0
2024-02-12,200,3,2,2,0.998640873015873,0.8373015873015873
2024-03-13,10,0,0,0,1.0,1.0
2024-03-13,50,0,0,0,1.0,1.0
2024-03-13,100,0,0,0,1.0,1.0
2024-03-13,200,3,2,2,0.9982242063492063,0.7956349206349206
2024-04-12,10,0,0,0,1.0,1.0
2024-04-12,50,0,0,0,1.0,1.0
2024-04-12,100,0,0,0,1.0,1.0
2024-04-12,200,3,2,2,0.9978075396825398,0.753968253968254
2024-05-13,10,0,0,0,1.0,1.0
2024-05-13,50,0,0,0,1.0,1.0
2024-05-13,100,0,0,0,1.0,1.0
2024-05-13,200,4,3,2,0.9973313492063491,0.7123015873015873
2024-06-12,10,0,0,0,1.0,1.0
2024-06-12,50,0,0,0,1.0,1.0
2024-06-12,100,0,0,0,1.0,1.0
2024-06-12,200,4,3,3,0.9967063492063493,0.6706349206349206
2024-07-15,10,0,0,0,1.0,1.0
2024-07-15,50,0,0,0,1.0,1.0
2024-07-15,100,0,0,0,1.0,1.0
2024-07-15,200,4,3,3,0.9960813492063493,0.628968253968254
2024-08-13,10,0,0,0,1.0,1.0
2024-08-13,50,0,0,0,1.0,1.0
2024-08-13,100,0,0,0,1.0,1.0
2024-08-13,200,4,3,3,0.9954563492063493,0.5873015873015873
2024-09-12,10,0,0,0,1.0,1.0
2024-09-12,50,0,0,0,1.0,1.0
2024-09-12,100,0,0,0,1.0,1.0
2024-09-12,200,5,4,4,0.9909722222222223,0.22817460317460317
2024-10-11,10,0,0,0,1.0,1.0
2024-10-11,50,0,0,0,1.0,1.0
2024-10-11,100,0,0,0,1.0,1.0
2024-10-11,200,5,4,4,0.9905555555555555,0.2698412698412698
2024-11-11,10,0,0,0,1.0,1.0
2024-11-11,50,0,0,0,1.0,1.0
2024-11-11,100,0,0,0,1.0,1.0
2024-11-11,200,5,4,4,0.9901388888888889,0.3115079365079365
2024-12-11,10,0,0,0,1.0,1.0
2024-12-11,50,0,0,0,1.0,1.0
2024-12-11,100,0,0,0,1.0,1.0
2024-12-11,200,3,3,3,0.9923511904761905,0.3531746031746032
2025-01-14,10,0,0,0,1.0,1.0
2025-01-14,50,0,0,0,1.0,1.0
2025-01-14,100,0,0,0,1.0,1.0
2025-01-14,200,4,4,4,0.9893154761904762,0.37896825396825395
2025-02-13,10,0,0,0,1.0,1.0
2025-02-13,50,0,0,0,1.0,1.0
2025-02-13,100,0,0,0,1.0,1.0
2025-02-13,200,3,3,3,0.9919345238095238,0.3373015873015873
2025-03-17,10,0,0,0,1.0,1.0
2025-03-17,50,0,0,0,1.0,1.0
2025-03-17,100,0,0,0,1.0,1.0
2025-03-17,200,4,4,4,0.9884821428571428,0.29563492063492064
2025-04-15,10,0,0,0,1.0,1.0
2025-04-15,50,0,0,0,1.0,1.0
2025-04-15,100,0,0,0,1.0,1.0
2025-04-15,200,4,4,4,0.9880654761904762,0.25396825396825395
2025-05-15,10,0,0,0,1.0,1.0
2025-05-15,50,0,0,0,1.0,1.0
2025-05-15,100,1,1,1,0.9956150793650793,0.5615079365079365
2025-05-15,200,5,5,5,0.9859722222222222,0.2123015873015873
2025-06-16,10,0,0,0,1.0,1.0
2025-06-16,50,0,0,0,1.0,1.0
2025-06-16,100,1,1,1,0.996031746031746,0.6031746031746031
2025-06-16,200,5,5,5,0.9857638888888889,0.17063492063492064
2025-07-17,10,0,0,0,1.0,1.0
2025-07-17,50,0,0,0,1.0,1.0
2025-07-17,100,1,1,1,0.9964484126984127,0.6448412698412699
2025-07-17,200,3,3,3,0.992609126984127,0.12896825396825398
2025-08-15,10,0,0,0,1.0,1.0
2025-08-15,50,0,0,0,1.0,1.0
2025-08-15,100,1,1,1,0.9968650793650794,0.6865079365079365
2025-08-15,200,3,3,3,0.9928174603174602,0.0873015873015873
2025-09-16,10,0,0,0,1.0,1.0
2025-09-16,50,0,0,0,1.0,1.0
2025-09-16,100,1,1,1,0.9972817460317461,0.7281746031746031
2025-09-16,200,3,3,3,0.9930257936507937,0.04563492063492063
2025-10-15,10,0,0,0,1.0,1.0
2025-10-15,50,0,0,0,1.0,1.0
2025-10-15,100,1,1,1,0.9976984126984126,0.7698412698412699
2025-10-15,200,3,3,3,0.9932341269841269,0.003968253968253968
2025-11-13,10,0,0,0,1.0,1.0
2025-11-13,50,0,0,0,1.0,1.0
2025-11-13,100,1,1,1,0.9981150793650794,0.8115079365079365
2025-11-13,200,2,2,2,0.9986309523809525,0.8115079365079365
2025-12-15,10,0,0,0,1.0,1.0
2025-12-15,50,0,0,0,1.0,1.0
2025-12-15,100,1,1,1,0.9985317460317461,0.8531746031746031
2025-12-15,200,2,2,1,0.999047619047619,0.8531746031746031
