rebalancing_date,n_assets_total,n_avail_100,n_avail_99,n_avail_95,n_avail_90,median_availability,min_availability
1995-10-02,5394,1950,2748,3066,3289,0.9920634920634921,0.0
1995-10-31,5452,1979,2786,3123,3327,0.9920634920634921,0.0
1995-11-30,5512,2005,2817,3177,3380,0.9920634920634921,0.0
1996-01-02,5575,2049,2857,3205,3428,0.9920634920634921,0.0
1996-01-31,5590,2054,2866,3248,3475,0.9920634920634921,0.0
1996-03-01,5622,2058,2882,3281,3504,0.9920634920634921,0.0
1996-04-01,5700,2072,2913,3297,3521,0.9920634920634921,0.0
1996-05-01,5756,2089,2935,3308,3520,0.9920634920634921,0.0
1996-05-31,5813,2113,2946,3323,3535,0.9900793650793651,0.0
1996-07-01,5883,2126,2957,3340,3538,0.9900793650793651,0.0
1996-07-31,5927,2150,2986,3335,3549,0.9900793650793651,0.0
1996-08-29,5994,2148,2996,3347,3580,0.9880952380952381,0.0
1996-09-30,6037,2156,3006,3370,3589,0.9880952380952381,0.0
1996-10-29,6109,2177,3037,3390,3610,0.9880952380952381,0.0
1996-11-27,6154,2174,3044,3410,3612,0.9861111111111112,0.0
1996-12-30,6199,2196,3066,3409,3615,0.9861111111111112,0.0
1997-01-29,6213,2208,3080,3412,3627,0.9880952380952381,0.0
1997-02-28,6270,2216,3071,3421,3640,0.9841269841269841,0.0
1997-04-01,6282,2225,3092,3419,3657,0.9861111111111112,0.0
1997-04-30,6305,2256,3100,3430,3663,0.9861111111111112,0.0
1997-05-30,6333,2270,3110,3460,3698,0.9861111111111112,0.0
1997-06-30,6369,2310,3142,3494,3708,0.9861111111111112,0.0
1997-07-30,6404,2321,3158,3506,3728,0.9861111111111112,0.0
1997-08-28,6434,2340,3158,3513,3756,0.9861111111111112,0.001984126984126984
1997-09-29,6429,2344,3155,3532,3790,0.9861111111111112,0.0
1997-10-28,6486,2295,3180,3545,3798,0.9861111111111112,0.001984126984126984
1997-11-26,6506,2325,3198,3572,3800,0.9861111111111112,0.0
1997-12-29,6512,2341,3221,3565,3791,0.9880952380952381,0.001984126984126984
1998-01-29,6533,2311,3196,3567,3820,0.9841269841269841,0.0
1998-03-02,6532,2316,3181,3598,3852,0.9841269841269841,0.0
1998-03-31,6554,2366,3232,3595,3864,0.9861111111111112,0.0
1998-04-30,6579,2379,3241,3617,3866,0.9861111111111112,0.0
1998-06-01,6619,2390,3251,3644,3868,0.9861111111111112,0.0
1998-06-30,6623,2418,3284,3648,3867,0.9880952380952381,0.0
1998-07-30,6662,2412,3290,3662,3884,0.9861111111111112,0.0
1998-08-28,6673,2442,3296,3669,3908,0.9861111111111112,0.0
1998-09-29,6673,2453,3293,3680,3916,0.9861111111111112,0.0
1998-10-28,6647,2481,3308,3681,3906,0.9880952380952381,0.0
1998-11-27,6626,2498,3301,3684,3906,0.9880952380952381,0.0
1998-12-29,6639,2513,3300,3665,3912,0.9880952380952381,0.0
1999-01-29,6628,2507,3297,3674,3888,0.9880952380952381,0.0
1999-03-02,6639,2506,3297,3668,3884,0.9880952380952381,0.0
1999-03-31,6602,2533,3286,3654,3894,0.9880952380952381,0.0
1999-04-30,6614,2534,3295,3681,3901,0.9880952380952381,0.0
1999-06-01,6626,2539,3286,3680,3924,0.9871031746031746,0.0
1999-06-30,6646,2581,3311,3674,3915,0.9880952380952381,0.0
1999-07-30,6671,2595,3319,3683,3916,0.9880952380952381,0.0
1999-08-30,6682,2596,3289,3697,3921,0.9841269841269841,0.0
1999-09-29,6678,2586,3273,3675,3942,0.9841269841269841,0.0
1999-10-28,6713,2619,3272,3660,3921,0.9821428571428571,0.0
1999-11-29,6718,2679,3275,3653,3892,0.9821428571428571,0.0
1999-12-29,6710,2685,3280,3646,3881,0.9821428571428571,0.0
2000-01-28,6690,2701,3240,3641,3878,0.9781746031746031,0.0
2000-02-29,6679,2696,3226,3602,3873,0.9781746031746031,0.0
2000-03-29,6713,2678,3199,3588,3850,0.9742063492063492,0.0
2000-04-28,6714,2654,3176,3589,3829,0.9722222222222222,0.0
2000-05-30,6686,2653,3175,3566,3820,0.9722222222222222,0.0
2000-06-28,6706,2648,3167,3549,3786,0.9692460317460317,0.0
2000-07-28,6685,2643,3157,3533,3734,0.9702380952380952,0.0
2000-08-28,6715,2621,3116,3505,3709,0.9623015873015873,0.0
2000-09-27,6660,2607,3106,3465,3702,0.9623015873015873,0.0
2000-10-26,6666,2587,3089,3449,3674,0.9623015873015873,0.0
2000-11-27,6635,2566,3069,3445,3653,0.9642857142857143,0.0
2000-12-27,6628,2574,3072,3419,3643,0.9623015873015873,0.0
2001-01-29,6612,2558,3059,3414,3637,0.9623015873015873,0.0
2001-02-28,6579,2569,3048,3414,3635,0.9623015873015873,0.0
2001-03-29,6580,2562,3050,3400,3639,0.9623015873015873,0.0
2001-04-30,6548,2578,3047,3414,3634,0.9623015873015873,0.0
2001-05-30,6512,2613,3064,3411,3645,0.9662698412698413,0.0
2001-06-28,6517,2626,3082,3430,3657,0.9702380952380952,0.0
2001-07-30,6477,2631,3093,3465,3673,0.9742063492063492,0.0
2001-08-28,6435,2653,3124,3470,3692,0.9801587301587301,0.001984126984126984
2001-10-02,6407,2635,3126,3487,3718,0.9821428571428571,0.001984126984126984
2001-10-31,6373,2661,3130,3498,3727,0.9841269841269841,0.0
2001-11-30,6358,2679,3155,3500,3734,0.9861111111111112,0.0
2002-01-02,6323,2686,3164,3493,3740,0.9900793650793651,0.0
2002-02-01,6278,2670,3166,3499,3750,0.9900793650793651,0.0
2002-03-05,6263,2676,3172,3510,3755,0.9920634920634921,0.0
2002-04-04,6251,2694,3192,3538,3790,0.9920634920634921,0.0
2002-05-03,6216,2715,3221,3579,3816,0.9940476190476191,0.0
2002-06-04,6185,2725,3261,3621,3858,0.996031746031746,0.0
2002-07-03,6168,2754,3272,3653,3870,0.996031746031746,0.0
2002-08-02,6155,2758,3315,3677,3889,0.996031746031746,0.0
2002-09-03,6115,2811,3327,3717,3913,0.998015873015873,0.0
2002-10-02,6105,2806,3349,3757,3917,0.998015873015873,0.0
2002-10-31,6067,2871,3431,3790,3912,0.998015873015873,0.0
2002-12-02,6043,2958,3594,3798,3900,0.998015873015873,0.0
2003-01-02,6006,3053,3654,3808,3897,1.0,0.0
2003-02-03,5956,3066,3653,3803,3901,1.0,0.0
2003-03-05,5911,3052,3654,3803,3899,1.0,0.0
2003-04-03,5877,3079,3663,3791,3912,1.0,0.0
2003-05-05,5858,3076,3655,3799,3905,1.0,0.0
2003-06-04,5827,3087,3659,3803,3919,1.0,0.0
2003-07-03,5812,3105,3674,3824,3905,1.0,0.0
2003-08-04,5797,3132,3697,3816,3907,1.0,0.0
2003-09-03,5772,3151,3691,3817,3919,1.0,0.0
2003-10-02,5732,3162,3678,3821,3934,1.0,0.0
2003-10-31,5724,3181,3684,3822,3928,1.0,0.0
2003-12-02,5720,3189,3692,3820,3911,1.0,0.0
2004-01-02,5687,3221,3684,3807,3903,1.0,0.0
2004-02-03,5681,3238,3673,3791,3901,1.0,0.001984126984126984
2004-03-04,5672,3249,3667,3796,3901,1.0,0.001984126984126984
2004-04-02,5684,3263,3672,3806,3911,1.0,0.0
2004-05-04,5672,3285,3695,3815,3917,1.0,0.001984126984126984
2004-06-03,5657,3303,3683,3826,3914,1.0,0.0
2004-07-06,5684,3321,3691,3805,3923,1.0,0.0
2004-08-04,5697,3324,3692,3803,3899,1.0,0.0
2004-09-02,5689,3320,3657,3797,3911,1.0,0.001984126984126984
2004-10-04,5680,3324,3661,3775,3914,1.0,0.0
2004-11-02,5708,3329,3682,3789,3882,1.0,0.001984126984126984
2004-12-02,5697,3350,3683,3793,3876,1.0,0.0
2005-01-03,5714,3348,3677,3784,3868,1.0,0.0
2005-02-02,5721,3346,3662,3764,3880,1.0,0.0
2005-03-04,5737,3345,3658,3762,3864,1.0,0.0
2005-04-05,5735,3378,3681,3763,3853,1.0,0.0
2005-05-04,5719,3384,3675,3768,3848,1.0,0.0
2005-06-03,5717,3374,3664,3769,3851,1.0,0.0
2005-07-05,5738,3397,3672,3763,3848,1.0,0.0
2005-08-03,5737,3401,3679,3762,3842,1.0,0.0
2005-09-01,5727,3399,3665,3772,3845,1.0,0.0
2005-10-03,5721,3399,3665,3762,3868,1.0,0.0
2005-11-01,5736,3384,3664,3777,3861,1.0,0.0
2005-12-01,5701,3412,3674,3780,3889,1.0,0.0
2006-01-03,5682,3423,3683,3797,3887,1.0,0.0
2006-02-02,5669,3415,3698,3808,3889,1.0,0.0
2006-03-06,5664,3438,3696,3812,3894,1.0,0.0
2006-04-04,5653,3429,3705,3805,3884,1.0,0.0
2006-05-04,5646,3432,3685,3803,3893,1.0,0.0
2006-06-05,5641,3425,3684,3797,3915,1.0,0.0
2006-07-05,5681,3444,3700,3814,3882,1.0,0.0
2006-08-03,5665,3442,3700,3799,3891,1.0,0.0
2006-09-01,5625,3450,3694,3796,3898,1.0,0.0
2006-10-03,5658,3447,3702,3808,3885,1.0,0.0
2006-11-01,5689,3466,3709,3801,3905,1.0,0.0
2006-12-01,5697,3481,3718,3815,3904,1.0,0.0
2007-01-04,5699,3474,3732,3827,3912,1.0,0.0
2007-02-05,5740,3463,3704,3834,3913,1.0,0.0
2007-03-07,5770,3486,3723,3801,3914,1.0,0.0
2007-04-05,5804,3470,3704,3802,3879,1.0,0.0
2007-05-07,5801,3469,3696,3786,3896,1.0,0.0
2007-06-06,5822,3465,3691,3797,3898,1.0,0.0
2007-07-06,5850,3474,3702,3802,3877,1.0,0.0
2007-08-06,5859,3473,3698,3795,3874,1.0,0.0
2007-09-05,5852,3459,3675,3771,3872,1.0,0.0
2007-10-04,5836,3446,3653,3762,3864,1.0,0.0
2007-11-02,5863,3436,3648,3756,3837,1.0,0.0
2007-12-04,5873,3408,3629,3736,3829,1.0,0.0
2008-01-04,5879,3385,3583,3711,3815,1.0,0.0
2008-02-05,5870,3387,3582,3691,3783,1.0,0.0
2008-03-06,5867,3380,3588,3683,3772,1.0,0.0
2008-04-07,5845,3374,3576,3689,3762,1.0,0.0
2008-05-06,5827,3356,3575,3681,3806,1.0,0.0
2008-06-05,5825,3366,3572,3714,3789,1.0,0.0
2008-07-07,5820,3390,3611,3702,3772,1.0,0.0
2008-08-05,5813,3396,3599,3692,3799,1.0,0.0
2008-09-04,5803,3389,3588,3712,3829,1.0,0.0
2008-10-03,5794,3411,3608,3746,3838,1.0,0.0
2008-11-03,5764,3452,3642,3756,3854,1.0,0.0
2008-12-03,5814,3424,3625,3760,3897,1.0,0.0
2009-01-05,5784,3353,3608,3779,3916,1.0,0.0
2009-02-04,5756,3391,3649,3777,3912,1.0,0.0
2009-03-06,5746,3398,3657,3782,3916,1.0,0.0
2009-04-06,5713,3400,3657,3797,3924,1.0,0.0
2009-05-06,5692,3422,3673,3806,3932,1.0,0.0
2009-06-05,5670,3461,3692,3823,3943,1.0,0.0
2009-07-07,5654,3474,3710,3842,3936,1.0,0.001984126984126984
2009-08-05,5621,3485,3706,3828,3951,1.0,0.001984126984126984
2009-09-03,5584,3484,3709,3822,3965,1.0,0.0
2009-10-05,5576,3492,3711,3841,3989,1.0,0.0
2009-11-03,5563,3498,3732,3873,3990,1.0,0.0
2009-12-03,5561,3533,3757,3879,3991,1.0,0.0
2010-01-05,5543,3542,3765,3885,3984,1.0,0.0
2010-02-04,5549,3557,3767,3879,3988,1.0,0.0
2010-03-08,5545,3573,3776,3888,3996,1.0,0.0
2010-04-07,5546,3580,3787,3895,4001,1.0,0.0
2010-05-06,5577,3596,3797,3904,4006,1.0,0.0
2010-06-07,5588,3608,3792,3916,4014,1.0,0.0
2010-07-07,5599,3615,3807,3915,3999,1.0,0.0
2010-08-05,5602,3615,3790,3910,3991,1.0,0.0
2010-09-03,5600,3611,3782,3887,4004,1.0,0.0
2010-10-05,5615,3611,3787,3890,4004,1.0,0.0
2010-11-03,5613,3619,3799,3922,3995,1.0,0.0
2010-12-03,5622,3635,3815,3913,4001,1.0,0.0
2011-01-04,5616,3705,3805,3904,3989,1.0,0.0
2011-02-03,5636,3704,3794,3895,3983,1.0,0.0
2011-03-07,5639,3700,3787,3886,3972,1.0,0.0
2011-04-05,5651,3708,3782,3884,3975,1.0,0.0
2011-05-05,5660,3720,3796,3892,3977,1.0,0.0
2011-06-06,5665,3727,3814,3901,3973,1.0,0.0
2011-07-06,5659,3723,3814,3902,3975,1.0,0.0
2011-08-04,5651,3725,3802,3897,3990,1.0,0.0
2011-09-02,5638,3735,3815,3903,3984,1.0,0.0
2011-10-04,5635,3741,3827,3910,4004,1.0,0.0
2011-11-02,5629,3748,3827,3933,4011,1.0,0.0
2011-12-02,5630,3764,3855,3939,4024,1.0,0.0
2012-01-04,5625,3781,3859,3955,4039,1.0,0.0
2012-02-03,5628,3792,3877,3961,4056,1.0,0.0
2012-03-06,5657,3800,3886,3983,4066,1.0,0.0
2012-04-04,5673,3806,3903,3992,4083,1.0,0.0
2012-05-04,5664,3827,3913,4000,4084,1.0,0.0
2012-06-05,5661,3829,3913,4005,4088,1.0,0.001984126984126984
2012-07-05,5654,3837,3919,4008,4091,1.0,0.001984126984126984
2012-08-03,5651,3844,3934,4017,4085,1.0,0.0
2012-09-04,5646,3846,3929,4027,4101,1.0,0.001984126984126984
2012-10-03,5656,3849,3933,4027,4123,1.0,0.001984126984126984
2012-11-05,5670,3853,3941,4042,4118,1.0,0.0
2012-12-05,5646,3853,3947,4039,4129,1.0,0.0
2013-01-07,5633,3873,3949,4043,4135,1.0,0.0
2013-02-06,5634,3883,3965,4056,4135,1.0,0.001984126984126984
2013-03-08,5621,3892,3978,4061,4157,1.0,0.0
2013-04-09,5627,3887,3975,4075,4164,1.0,0.0
2013-05-08,5648,3889,3990,4085,4177,1.0,0.0
2013-06-07,5658,3890,3988,4086,4169,1.0,0.0
2013-07-09,5664,3889,3988,4083,4155,1.0,0.0
2013-08-07,5682,3883,3986,4059,4155,1.0,0.0
2013-09-06,5689,3876,3973,4073,4145,1.0,0.0
2013-10-07,5722,3877,3974,4066,4145,1.0,0.0
2013-11-05,5759,3888,3976,4067,4143,1.0,0.0
2013-12-05,5769,3884,3981,4062,4161,1.0,0.0
2014-01-07,5782,3882,3970,4070,4172,1.0,0.0
2014-02-06,5802,3882,3985,4081,4171,1.0,0.0
2014-03-10,5808,3904,3991,4081,4174,1.0,0.0
2014-04-08,5832,3907,4000,4079,4167,1.0,0.0
2014-05-08,5858,3917,4017,4079,4165,1.0,0.0
2014-06-09,5871,3918,4008,4087,4179,1.0,0.0
2014-07-09,5899,3933,4016,4086,4171,1.0,0.0
2014-08-07,5924,3952,4028,4084,4182,1.0,0.0
2014-09-08,5914,3958,4034,4102,4190,1.0,0.0
2014-10-07,5926,3963,4048,4135,4188,1.0,0.0
2014-11-05,5944,3990,4070,4135,4198,1.0,0.0
2014-12-05,5949,3970,4052,4139,4223,1.0,0.0
2015-01-07,5962,3959,4029,4130,4215,1.0,0.0
2015-02-06,5954,3965,4040,4111,4241,1.0,0.0
2015-03-10,5961,3953,4012,4114,4221,1.0,0.0
2015-04-09,5962,3962,4035,4114,4220,1.0,0.0
2015-05-08,5963,3994,4057,4127,4220,1.0,0.0
2015-06-09,5966,4014,4069,4151,4241,1.0,0.0
2015-07-09,6006,4027,4098,4176,4237,1.0,0.0
2015-08-07,6080,4035,4114,4178,4278,1.0,0.0
2015-09-08,6107,4033,4093,4216,4317,1.0,0.0
2015-10-07,6135,4034,4121,4233,4327,1.0,0.0
2015-11-05,6144,4058,4125,4231,4313,1.0,0.0
2015-12-07,6152,4067,4126,4215,4332,1.0,0.0
2016-01-07,6154,4064,4123,4231,4313,1.0,0.0
2016-02-08,6147,4087,4140,4234,4325,1.0,0.0
2016-03-09,6149,4081,4126,4233,4332,1.0,0.0
2016-04-08,6154,4089,4143,4242,4358,1.0,0.0
2016-05-09,6153,4099,4148,4262,4369,1.0,0.0
2016-06-08,6165,4109,4172,4268,4380,1.0,0.0
2016-07-08,6180,4133,4185,4283,4387,1.0,0.0
2016-08-08,6196,4151,4198,4296,4396,1.0,0.0
2016-09-07,6200,4137,4202,4308,4431,1.0,0.0
2016-10-06,6232,4123,4195,4337,4434,1.0,0.0
2016-11-04,6248,4149,4207,4322,4439,1.0,0.0
2016-12-06,6223,4151,4206,4317,4429,1.0,0.0
2017-01-06,6218,4157,4198,4319,4418,1.0,0.0
2017-02-07,6216,4170,4214,4307,4410,1.0,0.0
2017-03-09,6187,4173,4218,4309,4407,1.0,0.0
2017-04-07,6190,4181,4229,4319,4422,1.0,0.0
2017-05-09,6208,4187,4230,4332,4461,1.0,0.0
2017-06-08,6213,4193,4246,4356,4495,1.0,0.0
2017-07-10,6225,4224,4278,4390,4498,1.0,0.0
2017-08-08,6225,4263,4312,4405,4525,1.0,0.0
2017-09-07,6219,4247,4328,4427,4534,1.0,0.0
2017-10-06,6222,4260,4316,4446,4538,1.0,0.0
2017-11-06,6235,4248,4310,4423,4537,1.0,0.0
2017-12-06,6271,4259,4313,4406,4502,1.0,0.0
2018-01-08,6286,4263,4323,4399,4480,1.0,0.0
2018-02-07,6298,4250,4319,4403,4483,1.0,0.0
2018-03-09,6304,4246,4292,4405,4503,1.0,0.0
2018-04-10,6301,4245,4295,4405,4521,1.0,0.0
2018-05-09,6304,4258,4305,4415,4511,1.0,0.0
2018-06-08,6315,4268,4327,4411,4507,1.0,0.0
2018-07-10,6335,4281,4329,4409,4516,1.0,0.0
2018-08-08,6350,4271,4326,4408,4532,1.0,0.0
2018-09-07,6343,4271,4328,4444,4538,1.0,0.0
2018-10-08,6327,4301,4361,4464,4543,1.0,0.0
2018-11-06,6325,4323,4378,4465,4533,1.0,0.0
2018-12-07,6322,4327,4385,4463,4537,1.0,0.0
2019-01-09,6317,4320,4374,4465,4525,1.0,0.0
2019-02-08,6324,4316,4363,4442,4536,1.0,0.0
2019-03-12,6326,4300,4344,4442,4542,1.0,0.0
2019-04-10,6339,4291,4345,4444,4543,1.0,0.0
2019-05-10,6365,4307,4340,4434,4557,1.0,0.0
2019-06-11,6380,4316,4348,4448,4545,1.0,0.0
2019-07-11,6395,4330,4360,4445,4534,1.0,0.0
2019-08-09,6418,4335,4364,4452,4551,1.0,0.0
2019-09-10,6409,4347,4383,4470,4597,1.0,0.0
2019-10-09,6435,4360,4392,4514,4613,1.0,0.0
2019-11-07,6438,4371,4436,4525,4633,1.0,0.0
2019-12-09,6443,4393,4449,4539,4638,1.0,0.0
2020-01-09,6465,4401,4445,4547,4633,1.0,0.0
2020-02-10,6483,4409,4455,4530,4642,1.0,0.0
2020-03-11,6492,4407,4437,4527,4644,1.0,0.0
2020-04-09,6512,4331,4366,4528,4648,1.0,0.0
2020-05-11,6520,4338,4373,4490,4667,1.0,0.0
2020-06-10,6508,4339,4370,4493,4654,1.0,0.0
2020-07-10,6545,4355,4388,4497,4624,1.0,0.0
2020-08-10,6583,4359,4404,4495,4628,1.0,0.0
2020-09-09,6614,4367,4405,4496,4638,1.0,0.0
2020-10-08,6688,4365,4409,4525,4630,1.0,0.0
2020-11-06,6746,4385,4423,4520,4635,1.0,0.0
2020-12-08,6814,4378,4420,4515,4638,1.0,0.0
2021-01-08,6886,4361,4397,4502,4625,1.0,0.0
2021-02-09,6994,4332,4352,4497,4639,1.0,0.0
2021-03-11,7093,4307,4335,4467,4643,1.0,0.0
2021-04-12,7204,4309,4334,4480,4637,1.0,0.0
2021-05-11,7332,4308,4337,4478,4635,1.0,0.0
2021-06-10,7403,4303,4338,4468,4613,1.0,0.0
2021-07-12,7510,4326,4351,4472,4606,1.0,0.0
2021-08-10,7609,4328,4360,4470,4624,1.0,0.0
2021-09-09,7640,4328,4370,4499,4629,1.0,0.0
2021-10-08,7747,4358,4403,4508,4635,1.0,0.0
2021-11-08,7817,4365,4405,4515,4635,1.0,0.0
2021-12-08,7876,4351,4397,4510,4643,1.0,0.0
2022-01-07,7957,4365,4391,4505,4637,1.0,0.0
2022-02-08,8012,4370,4401,4504,4620,1.0,0.0
2022-03-10,8058,4376,4393,4498,4607,1.0,0.0
2022-04-08,8049,4369,4403,4505,4618,1.0,0.0
2022-05-10,8072,4380,4403,4510,4648,1.0,0.0
2022-06-09,8078,4400,4421,4525,4674,1.0,0.0
2022-07-12,8094,4424,4452,4562,4702,1.0,0.0
2022-08-10,8113,4467,4490,4587,4739,1.0,0.0
2022-09-09,8127,4494,4523,4644,4775,1.0,0.0
2022-10-10,8147,4532,4575,4682,4841,1.0,0.0
2022-11-08,8159,4554,4588,4734,4892,1.0,0.0
2022-12-08,8166,4583,4634,4771,4938,1.0,0.0
2023-01-10,8162,4618,4663,4808,4992,1.0,0.0
2023-02-09,8171,4658,4684,4838,5054,1.0,0.0
2023-03-13,8164,4690,4731,4882,5115,1.0,0.0
2023-04-12,8167,4725,4768,4950,5158,1.0,0.0
2023-05-11,8158,4777,4817,4998,5227,1.0,0.0
2023-06-12,8157,4828,4875,5057,5240,1.0,0.0
2023-07-13,8178,4902,4959,5101,5271,1.0,0.0
2023-08-11,8159,4969,5014,5133,5338,1.0,0.0
2023-09-12,8145,4980,5042,5223,5403,1.0,0.0
2023-10-11,8200,5070,5115,5262,5457,1.0,0.0
2023-11-09,8221,5086,5147,5314,5488,1.0,0.0
2023-12-11,8220,5117,5180,5349,5533,1.0,0.0
2024-01-11,8221,5136,5199,5374,5567,1.0,0.0
2024-02-12,8242,5173,5230,5378,5559,1.0,0.0
2024-03-13,8250,5197,5247,5387,5546,1.0,0.0
2024-04-12,8264,5184,5237,5396,5533,1.0,0.0
2024-05-13,8280,5195,5247,5383,5534,1.0,0.0
2024-06-12,8286,5208,5256,5389,5497,1.0,0.0
2024-07-15,8316,5206,5263,5376,5516,1.0,0.0
2024-08-13,8347,5218,5266,5381,5521,1.0,0.0
2024-09-12,8382,5224,5290,5408,5523,1.0,0.0
2024-10-11,8444,5244,5299,5419,5529,1.0,0.0
2024-11-11,8450,5250,5302,5428,5539,1.0,0.0
2024-12-11,8466,5253,5298,5425,5539,1.0,0.0
2025-01-14,8478,5257,5293,5417,5544,1.0,0.0
2025-02-13,8465,5269,5301,5409,5544,1.0,0.0
2025-03-17,8497,5278,5303,5415,5538,1.0,0.0
2025-04-15,8524,5292,5323,5420,5535,1.0,0.0
2025-05-15,8529,5279,5308,5424,5542,1.0,0.0
2025-06-16,8564,5283,5317,5442,5543,1.0,0.0
2025-07-17,8640,5304,5339,5442,5568,1.0,0.0
2025-08-15,8683,5299,5325,5458,5597,1.0,0.0
2025-09-16,8729,5289,5324,5479,5617,1.0,0.0
2025-10-15,8809,5327,5349,5481,5618,1.0,0.0
2025-11-13,8772,5353,5377,5499,5613,1.0,0.0
2025-12-15,8758,5364,5403,5522,5624,1.0,0.0
