n_assets,strategy,mean_return,volatility,sharpe,final_wealth,n_rebalances,mean_turnover,mean_transaction_cost,total_transaction_cost,mean_concentration,mean_effective_n,mean_max_weight
10,equal_weight,0.1343305635138847,0.2101366012150652,0.63925352716828,29.694098095277567,363,0.06902994343786992,0.00010325966745664839,0.03748325928676337,0.10000000000000007,9.999999999999998,0.09999999999999999
10,ledoit_wolf_gmv,0.08970013067277086,0.16868364329552982,0.5317654333302388,9.779985273007602,363,0.13488649968708968,0.00020177236730052254,0.07324336933008968,0.26537362666810854,4.208984442435395,0.3872239381488322
10,sample_gmv,0.08764674219894102,0.1687593568224463,0.5193593045697322,9.188344392495733,363,0.13836955415332086,0.00020698255621281886,0.07513466790525325,0.2842809658935691,3.9838204809349502,0.40905234133340923
50,equal_weight,0.11681207334913114,0.18453562120663355,0.6330055551623335,20.365097424677494,363,0.05614117603819915,8.397977572656238e-05,0.030484658588742143,0.02000000000000001,49.99999999999999,0.019999999999999997
50,ledoit_wolf_gmv,0.08578731562335541,0.13829531188513985,0.6203197668378334,9.993864254837634,363,0.12104975174875633,0.00018107442203739584,0.06573001519957469,0.12667806835953155,9.006395985361733,0.23307262718864086
50,sample_gmv,0.08408753709064666,0.1395016830034295,0.6027707715080359,9.446522625965322,363,0.12444767730311843,0.00018615726935425155,0.06757508877559332,0.14240456910447294,8.115027112167462,0.25504812932041715
100,equal_weight,0.1133765204830237,0.18750566437614125,0.6046565092326355,18.04967213350801,363,0.05503027236817043,8.231801073255247e-05,0.029881437895916546,0.009999999999999998,100.0,0.009999999999999998
100,ledoit_wolf_gmv,0.06643221499125436,0.11110243712914977,0.5979366133438727,6.174450044884293,363,0.14962945596561505,0.00022382588041137462,0.08124879458932899,0.1730694953577189,9.285815529002452,0.28540170521000213
100,sample_gmv,0.065238654653291,0.11000376192151065,0.5930583964922924,5.978127653754289,363,0.15767697272874326,0.0002358639013545664,0.0856185961917076,0.21702960831094517,8.059082928010447,0.330106132706667
200,equal_weight,0.11361501958762131,0.18617795310408095,0.6102495902084923,18.31536400470402,363,0.05421226340295221,8.109437748706075e-05,0.029437259027803055,0.005000000000000003,199.99999999999997,0.004999999999999999
200,ledoit_wolf_gmv,0.05976393315996206,0.08511552860583121,0.7021507607234395,5.452378715165412,363,0.13893399764662995,0.0002078268890416531,0.07544116072212008,0.188004332456584,9.234036652730033,0.31037186162953717
200,sample_gmv,0.05528107204717092,0.08289661114089245,0.6668676956313003,4.788919056765812,363,0.14934988697745513,0.00022340768217288744,0.08109698862875814,0.3295512718718601,7.025455139456202,0.4484509850013414
