n_assets,information_ratio,sample_estimation_error,lw_estimation_error,sample_decision_error,lw_decision_error,sample_risk_increment,lw_risk_increment,RI_sigma,RI_w,RI_L
20,0.1,0.1767004063072683,0.1749641882840368,0.3442376399288822,0.3301146826509944,0.0237113081736422,0.0223447467910947,0.009825772670903558,0.04102676651166181,0.05763331877515684
20,0.25,0.2825377301483646,0.2747844640878044,0.5293697090543559,0.4778537632702507,0.0569093119526563,0.0495369059917896,0.027441524558468187,0.09731562819514386,0.12954656642132506
20,0.5,0.3998015604179972,0.3770428372590075,0.7330917138148155,0.6038812776258234,0.1088387312711096,0.0849456770369888,0.05692504835447661,0.17625412176140298,0.21952712931396537
20,0.7407407407407407,0.4887079412073754,0.4430406508910809,0.8675455159412753,0.6625182889481861,0.1509901512026845,0.1083808168232861,0.09344495242592402,0.23633022501492315,0.28219942850577684
20,0.9090909090909092,0.5508264401901276,0.4869285443337258,0.945124213881077,0.695383808604816,0.1781137118205381,0.1244834447923,0.1160036831825762,0.2642408284628769,0.30110128232167943
50,0.1,0.1216623432001734,0.1212138579780849,0.3264947704801967,0.3209343274391594,0.0161086975080195,0.0156949321371571,0.003686310901891783,0.01703072619772504,0.025685836527528823
50,0.25,0.1924216239833035,0.189479224771052,0.508655649624001,0.4870734975889942,0.0395828887713978,0.0370567601593333,0.015291416584795166,0.04242978929057478,0.06381870273929731
50,0.5,0.2719070417765438,0.2663074978011983,0.700241463013879,0.6440921954406587,0.076298033702101,0.0676334112468346,0.020593596762923404,0.08018557960214284,0.11356285391438349
50,0.746268656716418,0.3334422086452249,0.3211669452914277,0.8288356228353874,0.7344580709573693,0.1069667745134865,0.0905810224281896,0.03681376573071408,0.11386763464046014,0.15318543687816782
50,0.8928571428571429,0.3652706483658418,0.3500857730579946,0.8914808247449695,0.7712540317497562,0.1242634144769085,0.1024075548469977,0.04157157268393096,0.13486189456694958,0.17588330179010334
100,0.1,0.0881129280609831,0.0876579519090119,0.316656991981366,0.3139692241317714,0.0121027958982705,0.0119415874742289,0.0051635572893038535,0.008487947266778602,0.013319932468218915
100,0.25,0.1391257387878249,0.1383572417571571,0.4877269430920959,0.4774071616308496,0.0291190166464202,0.0281673366426879,0.005523758848388111,0.021158932487553062,0.032682422462548905
100,0.5,0.1963227809139706,0.1949418976581756,0.666789027651682,0.6397144894987525,0.055555190512918,0.0522351954984184,0.007033739280619217,0.0406043546461486,0.05976030293204758
100,0.7518796992481203,0.2414034711503931,0.2369696710554665,0.7914113035022483,0.7430352084747498,0.0783086090574269,0.071400127727671,0.018366761976526626,0.061126363514671586,0.08822122385917526
100,0.9009009009009008,0.266843658935727,0.2600225029542094,0.8561246929996041,0.7944700537401344,0.0917133744489645,0.082322106805054,0.02556236864957892,0.07201595721231965,0.1023980166506297
